Commentaire,Classe,Date,url
Ø¹Ø³Ù„Ø§Ù…Ø© Ø£ÙˆØ±ÙˆÙ†Ø¬ Ø±Ù‚Ø¯Øª Ù…Ø®Ù„ÙŠ Ø§Ù„ puce Ù…ØªØ§Ø¹ÙŠ Ø£ÙˆØ±ÙˆÙ†Ø¬ Ù‚Ù…Øª Ù†Ù„Ù‚Ø§Ù‡Ø§ ØªØ¨Ø¯Ù„Øª Ø£ÙˆØ±ÙŠØ¯Ùˆ Ø¨Ù„Ø§Ù‡ÙŠ ÙƒÙŠÙØ§Ø´ Ù†Ø¨Ø¯Ù„Ù‡Ø§ ØªÙ„ÙŠÙƒÙˆÙ…,negative,2018-01-02T19:16:17+0000,https://www.facebook.com/298166859034_10155976149264035
"Ø§ÙˆØ±ÙˆÙ†Ø¬ Ù†Ø­Ø¨ Ù†Ù‚Ù„ÙƒÙ… Ø¹ÙŠØ´ÙƒÙ… Ø®Ø§ØªØ± Ø§Ù†ØªÙˆÙ…Ø§ Ø§Ù„ÙˆØ­Ø¯ÙŠÙ†
ØªØªÙÙƒØ±ÙˆÙ†ÙŠ
ØªØ¹ÙŠØ¯Ùˆ Ø¹Ù„ÙŠØ§ Ù‚Ø¨Ù„ Ø¹ÙŠÙ„ØªÙŠ
Ùˆ Ù…Ø¨Ø¹Ø¯ ØªØ¨Ø¹Ø«ÙˆÙ„ÙŠ Ù…ÙŠØ³Ø§Ø¬ ØªÙ‚ÙˆÙ„ÙˆÙ„ÙŠ Ø±Ø§Ù‡Ùˆ ÙÙ„ÙˆØ³Ùƒ ÙˆÙØ§Ùˆ
ØªØ¹Ø±Ù Ø§Ù„ÙŠ Ø§Ù†Ø§ Ù…Ø¨Ø§Ø±Ø­ ØµØ¨ÙŠØª Ø¯ÙŠÙ†Ø§Ø± ÙŠØ§Ø®ÙŠ Ø³Ø±Ù‚ØªÙˆÙ‡ ØªØ¹Ø±ÙÙˆÙˆÙˆÙˆÙˆ...ğŸ˜ ğŸ˜ 
Ù…ØµØ­ Ø§Ù„Ø±Ù‚Ø¹Ø© ğŸ˜‘
ÙƒØ§Ù† Ø¬ÙŠØª Ø§Ù†Ø¬Ù… Ù†Ù‚ØªÙ„ ÙˆØ§Ø­Ø¯ Ø±Ø§Ù†ÙŠ Ù…Ø´ÙŠØª Ø·ÙˆÙ„ Ø§Ù†Ù„ÙˆØ¬ Ø§Ù„ÙŠ ÙŠØ¨Ø¹Ø«Ù„ÙŠ Ù…Ø³Ø§Ø¬ ÙŠÙ‚Ù„ÙŠ ÙÙŠÙ‡ Ø±Ø§Ù‡Ùˆ ÙÙ„ÙˆØ³Ùƒ ÙˆÙØ§ÙˆğŸ˜ˆ
Ùˆ Ø´ÙƒØ±Ø§ .....
Ù…Ù† Ø¯ÙˆÙ† ØªØµÙÙŠÙ‚ ğŸ˜‚ğŸ˜‚",negative,2018-01-02T19:43:48+0000,https://www.facebook.com/298166859034_10155976149264035
brabi orange pk l connexion ma t7ebech temchili kan fcbk 7ata le messenger ma najemtech na3mlelha tÃ©lÃ©chargement en plus le play store ma 7abech chniya ilmochkla brabi,negative,2018-01-02T20:37:47+0000,https://www.facebook.com/298166859034_10155976149264035
slm orange elyoum 3adet fourfi 900 ta3 7 jour tan7tli 1800 maya a3lech na7touhem dima tasrli hadi,negative,2018-01-02T19:00:49+0000,https://www.facebook.com/298166859034_10155976149264035
N7eb orange,positive,2018-01-08T20:13:49+0000,https://www.facebook.com/298166859034_10155991701199035
Ø­Ø²ÙŠÙ†,negative,2018-01-08T19:15:36+0000,https://www.facebook.com/298166859034_10155991701199035
Ù†Ø³Ø§Ù„ÙƒÙ… 70 Ù…ÙŠØºØ§Ø§ Ø§Ù„Ù„Ù‡ Ù„Ø§ ØªØ±Ø¨Ø­ÙƒÙ… Ø§Ù†ØªÙ… Ø¨Ø§Ø´ ØªØ±Ø¨Ø­ÙˆÙˆ Ø§Ù„Ø´Ø¹Ø¨ ÙŠØ§ Ù…ØªØ­ÙŠÙ„ÙŠÙ† Ø§Ù† Ø´Ø§Ø¡ Ø§Ù„Ù„Ù‡ 70 Ù…ÙŠØºØ§Ø§ ØªØ·Ù„Ø¹Ù„ÙƒÙ… 70 Ù…Ù„ÙŠØ§Ø± Ø®Ø³Ø§Ø±Ø©,negative,2018-01-02T19:11:40+0000,https://www.facebook.com/298166859034_10155976149264035
"ProblÃ¨me de connexion avec les sites internationaux en 4G !!! echnouwa  hedha! echnouwa ye5i Facebook, Youtube , twitter welbe9i ma3andenech el7a9??!!",negative,2018-01-09T18:10:08+0000,https://www.facebook.com/298166859034_10155990710899035
bon orange pk la connexion t7bch temchi ken facebook ama youtube t7ebechğŸ˜¤ğŸ˜¤ğŸ˜² plzzz gedou connexion  c'est rien okğŸ¤—ğŸ¤—,negative,2018-01-02T20:47:32+0000,https://www.facebook.com/298166859034_10155976149264035
3aslma orange belhy n7eb na3ref 3lach ne7etow barcha 7ajet kanow mawjodin fel offert d'appelle any wa7da mens 5alwony nkon men 7ourfkom wtaw bsar7a walit nlawej 3lla ay 5admt o5ra tsa3edny,negative,2018-01-02T21:43:12+0000,https://www.facebook.com/298166859034_10155976149264035
Ø§Ø­Ø³Ø§Ø³Ù†Ø§ Ø§Ù„ÙŠ ÙƒØ«Ø±ÙˆØªÙˆÙ„Ù‡Ø§ Ù…Ø§Ù„Ø³Ø§Ø±Ù‚Ø©  ÙÙŠ Ø§Ù„Ø§Ù†ØªØ±Ù†Ø§Øª Ø±ÙƒÙ… Ù…Ø±Ø¬ØªÙˆÙ†Ø§ Ùˆ Ù…ØµÙ„Ø­Ø© Ø§Ù„Ø­Ø±ÙØ§Ø¡ ÙƒÙŠ Ø¨ÙŠÙ‡Ø§ ÙƒÙŠ Ø¨Ù„Ø§Ø´,negative,2018-01-09T07:58:29+0000,https://www.facebook.com/298166859034_10155991701199035
ana 3andi el orange wel telekom 00000 ok a3azhom tunisiana tay7et 3likom rabi m3aha ..,negative,2018-01-02T20:50:09+0000,https://www.facebook.com/298166859034_10155976149264035
Ya5i chnia la7ya ser9a 3ini 3ink 3mlt abonement b 1 mois 750m 7atit carte b 5 d nrml tnt7l 3 d w ra8m hatha w 3ml abonment lflos 9a3ad tn9osli ya5i chnwa hatha ytsma????,negative,2018-01-08T14:39:00+0000,https://www.facebook.com/298166859034_10155990710899035
"Ø§Ø±ÙˆÙ†Ø­ Ù…Ø±Ø³Ø³ÙŠ Ø¹Ù„Ø®Ø± Ø¹Ù„Ø®Ø± ÙˆØ§Ù„Ù„Ù‡ ğŸ’—ğŸ’—ğŸ’—ğŸ’—ğŸ’–ğŸ’–ğŸ’– 
Ø®Ø§Ø·Ø± Ø¨Ù„Ø­Ù‚ Ù…Ø§ ÙŠØªÙÙƒØ±Ù†ÙŠ Ø­Ø¯ ÙƒØ§Ù† Ø§Ù†ØªÙŠ 
Ùˆ ÙƒÙˆÙ†ÙƒØ³ÙŠÙˆÙ† Ù…ØªØ§Ø¹Ùƒ Ø¹Ø³Ù„ ØªØ´Ø¯Ù„ÙŠ Ø¨3 Ø¬Ù…Ø¹Ø§Øª 
ÙˆØ§Ù‡Ù… Ø­Ø§Ø¬Ù‡ Ø§Ù†Ùˆ ÙƒÙŠ ÙŠØ·Ù„Ø¨Ù†ÙŠ Ø´ÙƒÙˆÙ† Ù…ÙŠÙÙŠÙ‚Ø§Ø´ Ø¨ÙŠØ§ ÙƒÙ†Øª Ù†Ø­ÙƒÙŠ Ù„Ø§ ØªØ¬ÙŠÙ‡ Ø§ÙˆÙƒÙŠØ¨ÙŠ ÙˆÙ„Ø§ Ø§Ù† Ø§ØªÙˆÙ†Øª :* :* Ø±Ø¨ÙŠ ÙŠØ®Ù„ÙŠÙƒÙ… Ø§Ù…Ø§ Ø¨Ù„Ø§Ù‡ÙŠ Ù†Ù‚ØµÙˆ Ø´ÙˆÙŠ Ù…Ù† Ù…ÙŠØ³Ø§Ø¬Ø§Øª Ù…ØªØ§Ø¹ Ù…Ø³Ø§Ø·Ù‡ Ù‡Ùˆ Ø§Ù†ØªØ®Ø§Ø¨Ø§Øª Ù‡Ùˆ Ø¹ÙŠØ¯ Ø´Ø¬Ø±Ù‡ Ù‡Ùˆ Ø§Ø³ØªÙ‚Ù„Ø§Ù„ 
Ø§Ù…Ø§ Ø¨Ù„Ø§Ù‡ÙŠ Ù„Ø§ ØªÙ†Ø³Ø§Ù†ÙŠ ÙÙŠ Ø¹ÙŠØ¯ Ù„Ø­Ø¨ :*",positive,2018-01-02T20:19:17+0000,https://www.facebook.com/298166859034_10155976149264035
Ø¥Ùˆ Ø¬Ø¨ØªÙ‡Ø§ ÙˆØ¬ÙŠØª,negative,2018-01-07T19:31:31+0000,https://www.facebook.com/298166859034_10155989329394035
Ø¨Ø¬Ø§Ù‡ Ø±Ø¨ÙŠ  Ø¹Ù„Ø§Ø´ Ø§Ù„Ø³Ø±Ù‚Ø© Ø¯ÙŠÙ…Ø§ ØªØ¹Ù…Ù„ÙˆÙ„ÙŠ ÙÙŠÙ‡Ø§ Ù†ØµØ¨ ÙƒØ§Ø±ØªØ© ÙˆÙ…Ù† Ø¨Ø¹Ø¯ ØªØ¨Ø¯Ø§ ØªØ³Ø±Ù‚ÙˆÙ„ÙŠ Ù…Ù†Ù‡Ø§ Ù„ÙŠÙ† ØªÙˆÙØ§ Ù…Ù† ØºÙŠØ± Ù…Ù†Ø¹Ù…Ù„ Ø¨ÙŠÙ‡Ø§ Ø´ÙŠ ØªØ¨Ø¹Ø«ÙˆÙ„ÙŠ Ù…ÙŠØ³Ø§Ø¬Ø§Øª ÙˆØªÙ‡Ø²Ùˆ Ø­Ù‚Ù‡Ø§ Ù…Ù† Ø¹Ù†Ø¯ÙŠ Ø¹Ù„Ø§Ø´ ÙˆÙ…Ù†Ø­Ø¨Ø´ Ù†Ø¹Ù…Ù„ ØªÙˆÙ†Ø§Ù„ÙŠØªÙŠ ØªØ¹Ù…Ù„ÙˆÙ‡Ø§Ù„ÙŠ Ø¨Ø§Ù„Ø³ÙŠÙ ÙˆÙ…Ù†Ø­Ø¨Ø´ Ø§Ù„Ø¹Ø§Ø¨ ØªØ¹Ù…Ù„ÙˆÙ„ÙŠ Ø§ÙƒØ³Ø§Ø¨Øª Ù…Ù†ØºÙŠØ± Ù…Ù†ÙˆØ§ÙÙ‚ Ø§ÙØ²Ø­ Ø±Ø¨ÙŠ ÙŠÙ‡Ø¯ÙŠÙƒ ÙŠØ§ Ø§ÙˆØ±ÙˆÙ†Ø¬,negative,2018-01-07T10:12:15+0000,https://www.facebook.com/298166859034_10155988413404035
Ø¨Ù„Ù‡ÙŠ Ø¨Ø´ Ù†Ø³Ù„Ùƒ ÙƒÙŠ ÙŠØ¨Ø¯ Ù„ÙˆØ§Ø­Ø¯ ÙŠØªØ°Ø¶Ù„Ù… ÙÙ„Ø¨ÙˆØªÙŠÙƒ ÙƒÙŠÙØ§Ø´ ÙŠØ®Ùˆ Ø­Ù‚Ùˆ,negative,2018-01-07T15:02:07+0000,https://www.facebook.com/298166859034_10155988413404035
ÙƒØ§Ø°Ø¨ÙŠÙ† Ø¯ÙŠÙ…Ø§ Ù†Ø´Ø§Ø±Ùƒ Ùˆ Ø´Ø¦ ØªØ±Ø¨Ø­Ùˆ Ø¨Ø§Ù„Ù…Ø¹Ø§Ø±Ù,negative,2018-01-06T10:20:28+0000,https://www.facebook.com/298166859034_10155985877804035
"Ø¨Ø§Ù„Ù„Ù‡ Ø¹Ù„ÙŠÙƒÙ…  Ø§Ø¹Ù…Ù„Ùˆ Ø­Ù„ 
ÙØ¯ÙŠØª Ù…Ù†ÙƒÙ… 
4 ÙØ§ÙŠØ³Ø¨ÙˆÙƒ ØªØ£ÙƒÙ„ Ø§ÙƒØ«Ø± Ù…Ù† 1G ÙˆÙ‡Ø°Ø§ Ù„ÙƒÙ„ Ù†Ø³ØªØ¹Ù…Ù„ ÙÙŠ Ø§Ù„Ø¨ÙŠØ³ Ù…ØªØ§Ø¹ÙŠ 
Ø´Ù‡Ø± Ù„ÙØ§Øª 10 G ÙÙŠ 10 Ø§ÙŠØ§Ù…",negative,2018-01-05T00:25:45+0000,https://www.facebook.com/298166859034_10155981320529035
Yeser tsr9ou 1G matchedch hÃ¢ta jem3a,negative,2018-01-03T22:07:24+0000,https://www.facebook.com/298166859034_10155977679374035
ÙƒØ§Ù† ÙƒØ°Ø¨ ÙÙŠÙƒÙ… ÙŠØ§Ø§ÙˆØ±Ù†Ø¬ Ø²Ø¹Ù… Ø²Ø¹Ù… ØªØ­Ø¨ ØªÙØ±Ù‡Ø¯ÙˆÙ† ÙˆØªÙØ±Ø­ÙˆÙ† ÙˆÙ†Ù‡Ø§Ø± Ø§Ù„ÙƒÙ„ ØªØ¨Ø¹Ø«ÙˆÙ„ÙˆÙ† ÙÙŠ Ø§Ù„Ù…ÙŠØ³Ø¬Ø§Øª Ø¹Ù„Ø§Ø´ ØªÙƒØ°Ø¨ÙˆØ§ Ù‚ÙˆÙ„ÙˆØ§ Ø§Ù„Ø­Ù‚ÙŠÙ‚Ø©Ø¯,negative,2018-01-03T22:16:21+0000,https://www.facebook.com/298166859034_10155976149264035
wel sirka 3ini 3inik chnowa namlo feha !??,negative,2018-01-02T15:03:17+0000,https://www.facebook.com/298166859034_10155975213409035
Ù…Ø¹ Ø£Ø±ÙˆÙ†Ø¬ Ø§Ù„Ø±Ø¨Ø­ Ù…Ù…Ù†ÙˆØ¹,negative,2018-01-02T10:09:13+0000,https://www.facebook.com/298166859034_10155975213409035
"servickom ka3ba la f aindraham,connexion dima tay7a.ana w 3ayelti w as7abi 5dhina decision bech nbadlou un autre operateur",negative,2018-01-02T10:02:39+0000,https://www.facebook.com/298166859034_10155975213409035
"7asnou service w sayeb 3likom mel koura,matefehmouhach.e5dmou 5edmtk 3ychkm,lahna f aindraham connexion 7moum,dima tay7a",negative,2018-01-02T18:52:52+0000,https://www.facebook.com/298166859034_10155975213409035
Ø§ÙˆØ±ÙˆÙ†Ø¬ Ø§Ù„Ø¹Ø§Ø± Ø¨Ø§Ù„Ø±Ø³Ù…ÙŠ...ÙƒÙˆÙ†ÙŠÙƒØ³ÙŠÙˆÙ† ØªØ¹ÙŠÙ Ù…Ø¹Ø¯Ù„ Ø§Ù„Ù‚ØµØ§Ù† ÙÙŠ Ø§Ù„Ù†Ù‡Ø§Ø± 450 Ù…Ø±Ø© Ùˆ ÙƒÙŠ ØªÙƒÙ„Ù… Ø§Ù„Ø³Ø±ÙÙŠØ³ ØªÙƒÙ†ÙŠÙƒ ÙŠØ¨Ø¹Ø«ÙˆÙƒ ØªÙ‚Ø¶ÙŠ Ùˆ ÙƒÙ„ ÙˆØ§Ø­Ø¯ ÙŠØ¹Ø·ÙŠÙƒ ÙƒÙ„Ø§Ù…..ÙØ±ÙŠÙ…ÙˆÙ† Ø§Ù„ÙˆØ§Ø­Ø¯ ÙŠØ´ÙˆÙ ÙÙˆØ±Ù†ÙŠØ³Ø§Ø± Ø§Ø®Ø± Ø®ÙŠØ± Ø®Ø§Ø·Ø± Ø§Ù„Ø¹Ø¨Ø§Ø¯ ØªØ®Ù„Øµ ÙÙŠ Ø§Ù„ÙƒÙˆÙ†ÙŠÙƒØ³ÙŠÙˆÙ† Ùˆ Ø§Ù†Ø§ Ù†Ø®Ù„Øµ ÙÙŠ Ø§Ù„ÙƒÙˆØ¨ÙŠØ±,negative,2018-01-02T17:05:27+0000,https://www.facebook.com/298166859034_10155975213409035
"Bonsoir, j'ai transformÃ© des points cadeaux(800) vers 500 mo internet, mais le code qui m'a apparait pour consulter mon solde internet c'est *101*12#, mais il n'est pas valide pour cette opÃ©ration.",negative,2018-01-02T19:56:17+0000,https://www.facebook.com/298166859034_10155975213409035
Ø¹Ù„Ø§Ù…Ø© Ø£ÙˆØ±Ù†Ø¬ Ø£Ø®ÙŠ Ø¨Ø¯Ù„ØªÙ„ÙŠ Ø§Ù„Ø¨ÙŠØ³ Ø£ÙˆØ±ÙŠØ¯Ùˆ ÙŠØ§ Ø®ÙŠ ÙƒÙŠ Ø­Ù„ÙŠØªÙ‡Ø§ Ù„Ù‚ÙŠØªÙ‡Ø§ Ù‡ÙˆØ±Ù†Ø¬ Ù…Ø§ÙÙ‡Ù…Øª Ø´ÙŠØ¡,negative,2018-01-02T21:23:16+0000,https://www.facebook.com/298166859034_10155976149264035
orange rebhet,negative,2018-01-02T21:52:09+0000,https://www.facebook.com/298166859034_10155975213409035
Orange Orange Orange Orange Orange Orange Orange Orange Orange Orange Orange Orange,positive,2018-01-05T16:48:32+0000,https://www.facebook.com/298166859034_10155976149264035
ğŸ˜â¤â¤,positive,2018-01-04T19:26:25+0000,https://www.facebook.com/298166859034_10155975213409035
Orange rebhet,negative,2018-01-02T21:52:09+0000,https://www.facebook.com/298166859034_10155975213409035
rakom kathertoulha bi sir9a jme3it orange,negative,2018-01-02T10:47:47+0000,https://www.facebook.com/298166859034_10155975213409035
merci.orange,positive,2018-01-02T10:34:09+0000,https://www.facebook.com/298166859034_10155975213409035
Ok ğŸ‘ğŸ‘,positive,2018-01-09T18:46:25+0000,https://www.facebook.com/298166859034_10155994016649035
FatiguÃ©e ğŸ˜‘,negative,2018-01-08T21:06:18+0000,https://www.facebook.com/298166859034_10155991701199035
Chbi waldikom orange?!!! La nhar taamlo haja tenfaa3!,negative,2018-01-03T16:31:17+0000,https://www.facebook.com/298166859034_10155977679374035
bonne annÃ©e orange,positive,2018-01-02T15:38:30+0000,https://www.facebook.com/298166859034_10155973690964035
ÙƒÙ„ Ø¹Ø§Ù… ÙˆØ§Ù†Øª Ø¨Ø®ÙŠØ± Ø§ÙˆØ±Ù†Ø¬ ÙˆØ®ÙŠØªÙŠ Ø±Ø§ÙƒÙŠ Ù…Ø±Ø¶ØªÙ†ÙŠ,negative,2018-01-01T10:02:15+0000,https://www.facebook.com/298166859034_10155972525899035
Ø±Ø¨Ø­ Ø¨Ø§Ù„ÙˆØ¬ÙˆÙ‡ ÙŠØ²ÙŠ Ù…Ù† ÙƒØ°ÙŠØ¨,negative,2018-01-09T22:10:16+0000,https://www.facebook.com/298166859034_10155994451819035
magnifique a quel prix,positive,2018-01-02T00:07:05+0000,https://www.facebook.com/298166859034_10155972525899035
Ø§Ù„ØºÙ„ÙŠ Ùˆ Ø§Ù„ÙƒÙˆÙŠ,negative,2018-01-01T10:23:31+0000,https://www.facebook.com/298166859034_10155972525899035
bonne annÃ©e orange j espere que votre service technique s amÃ©liore c catastrophique j ai l adsl le rÃ©seau  Ã  97 pour cent est zÃ©ro tout le  temps je rÃ©clame enfin aeiiiiittttttt,positive,2018-01-01T11:18:31+0000,https://www.facebook.com/298166859034_10155970069549035
bonne annee orange ena 3andi 05 pus w dima nal3ab m3akom w ma3labelich nerbeh wella lee vive orange,positive,2018-01-01T11:42:53+0000,https://www.facebook.com/298166859034_10155970069549035
Ø§Ù†Ø§ ØªØ¹Ø¬Ø¨Ù†ÙŠ Ø§ÙˆØ±Ù†Ø¬ Ø¹Ù†Ø¯ÙŠ Ø²ÙˆØ² Ø¨ÙŠØ³Ø§Øª ÙˆÙŠØ¹Ø¬Ø¨Ù†ÙŠ ÙÙŠÙ‡Ø§ Ø§Ù„Ø§Ù†ØªØ±Ù†Ø§Øª Ø³Ø±ÙŠØ¹Ø© Ù„ÙƒÙ† Ø¹Ù…Ø±ÙŠ Ù…Ø§Ø±Ø¨Ø­Øª ÙÙŠ Ø­ØªÙ‰ Ù…Ø³Ø§Ø¨Ù‚Ø© ÙÙŠ Ø­ÙŠØ§ØªÙŠ Ø§Ù†Ø´Ø§Ø¡ Ø§Ù„Ù„Ù‡ ØªØµØ¯Ù ÙÙŠ 2018ØŒbonne annee orange,positive,2018-01-01T11:10:31+0000,https://www.facebook.com/298166859034_10155970069549035
Ø§Ù†Ø§ ØªØ¹Ø¬Ø¨Ù†ÙŠ Ø§ÙˆØ±Ù†Ø¬ Ø¹Ù†Ø¯ÙŠ Ø²ÙˆØ² Ø¨ÙŠØ³Ø§Øª ÙˆÙŠØ¹Ø¬Ø¨Ù†ÙŠ ÙÙŠÙ‡Ø§ Ø§Ù„Ø§Ù†ØªØ±Ù†Ø§Øª Ø³Ø±ÙŠØ¹Ø© Ù„ÙƒÙ† Ø¹Ù…Ø±ÙŠ Ù…Ø§Ø±Ø¨Ø­Øª ÙÙŠ Ø­ØªÙ‰ Ù…Ø³Ø§Ø¨Ù‚Ø© ÙÙŠ Ø­ÙŠØ§ØªÙŠ Ø§Ù†Ø´Ø§Ø¡ Ø§Ù„Ù„Ù‡ ØªØµØ¯Ù ÙÙŠ 2018ØŒbonne annee orange,positive,2018-01-01T10:16:44+0000,https://www.facebook.com/298166859034_10155970069549035
nchala 3amkom mabrouke orange nchala trabhona fi haja we nchala dima farhanin we tishale oumore,positive,2018-01-01T02:34:55+0000,https://www.facebook.com/298166859034_10155970069549035
Ø§Ù†Ø§ ØªØ¹Ø¬Ø¨Ù†ÙŠ Ø§ÙˆØ±Ù†Ø¬ Ø¹Ù†Ø¯ÙŠ Ø²ÙˆØ² Ø¨ÙŠØ³Ø§Øª ÙˆÙŠØ¹Ø¬Ø¨Ù†ÙŠ ÙÙŠÙ‡Ø§ Ø§Ù„Ø§Ù†ØªØ±Ù†Ø§Øª Ø³Ø±ÙŠØ¹Ø© Ù„ÙƒÙ† Ø¹Ù…Ø±ÙŠ Ù…Ø§Ø±Ø¨Ø­Øª ÙÙŠ Ø­ØªÙ‰ Ù…Ø³Ø§Ø¨Ù‚Ø© ÙÙŠ Ø­ÙŠØ§ØªÙŠ Ø§Ù†Ø´Ø§Ø¡ Ø§Ù„Ù„Ù‡ ØªØµØ¯Ù ÙÙŠ 2018ØŒbonne annee orange,positive,2017-12-31T23:47:12+0000,https://www.facebook.com/298166859034_10155970069549035
3malt m3akom jaw 3alami nahitouli flousi kima habitou w chthitou  kol chhar w ana nejri n5ales fel flybox,negative,2017-12-31T22:02:32+0000,https://www.facebook.com/298166859034_10155970069549035
Ø§Ø­Ù„Ø¦ Ø¬Ùˆ ØªØ¹Ø¯Ø¦ Ù…Ø¹ Ø§ÙˆØ±Ù†Ø¬ Ù‡Ùˆ Ø¹Ø§Ù… Ø³Ù†Ø§ Ø±Ø¨Ø­Øª ÙÙŠÙ‡ Ø§Ù†ØªØ±Ù†Ø§Øª Ø±Ø¨Ø­Øª ÙÙŠÙ‡ Ø¨Ø·Ø§Ù‚Ø© Ø´Ø­Ù† Ù‡Ø§ØªÙ ÙˆØ±Ø¨Ø­Øª ÙÙŠÙ‡ ØªÙ„ÙŠÙÙˆÙ† Ù…Ù† Ù†ÙˆØ¹ Ø±ÙÙŠØ¹ Ù…Ø±Ø³ÙŠ Ø§ÙˆØ±Ù†Ø¬ Ø§Ù†Ø´Ø§Ù„Ù„Ù‡ Ø¯ÙŠÙ…Ø§ Ù…Ù†ÙˆØ±ÙŠÙ† ÙˆØ§Ù„Ù…Ø²ÙŠØ¯ Ù…Ù† ØªØ§Ù„Ù‚ ÙˆØ§Ù„Ø¹Ù…Ù„ Ø§ÙˆØ±Ù†Ø¬ ÙŠÙ…Ù‡Ø¨Ù„ØªÙ†Ø§ Ø¨Ø§ÙØ±ÙŠØ§ØªÙƒ,positive,2017-12-31T21:53:02+0000,https://www.facebook.com/298166859034_10155970069549035
3amalt barcha jaw m3akoum 3am 2017 winchallah n3awdou 3am 2018 m3a les cadeaux mte3koum,positive,2017-12-31T21:45:12+0000,https://www.facebook.com/298166859034_10155970069549035
dima namele lÃ© commontaire  fel les jeux lkoule ou manthasele ala chaye am tokadou dima behineğŸ’•ğŸ’œ,positive,2018-01-01T00:32:00+0000,https://www.facebook.com/298166859034_10155970069549035
tii mnin brabi jaw dima nal3eb m3ekom w jamais rbe7et mnkom 7eja bera8em 3andi 2 pus orange w airbox ma3neha client w chy,negative,2017-12-31T23:10:31+0000,https://www.facebook.com/298166859034_10155970069549035
Ø§ÙˆØ±ÙˆÙ†Ø¬ Ø¥Ù† Ø´Ø§Ø¡ Ø§Ù„Ù„Ù‡ ÙƒÙ„ Ø¹Ø§Ù… ÙˆØ§Ù†Øª Ø¨Ø®ÙŠØ± ÙˆØªÙƒÙˆÙ† Ù…ØªØ£Ù„Ù‚Ø© Ø¯Ø§Ø¦Ù…Ø§,positive,2018-01-01T13:06:12+0000,https://www.facebook.com/298166859034_10155970069549035
adsl mta3kom nja7 hugh...salaktouha,positive,2017-12-31T21:38:30+0000,https://www.facebook.com/298166859034_10155970069549035
Ù…ØªØ¹Ø§Ù‚Ø¯ÙŠÙ† Ù…Ø¹Ø§ÙƒÙ… Ù…Ù† Ø¹Ø§Ù…ÙŠÙ† ÙˆÙ†ØªÙ…Ù†Ù‰ Ù†Ø±Ø¨Ø­ Ø­ØªÙ‰ ØªÙ„ÙÙˆÙ† Ù‡Ù‡Ù‡Ù‡Ù‡Ù‡Ù‡Ù‡ ÙÙŠ Ø§Ù„Ø¹Ø§Ù… Ø§Ù„Ø¬Ø¯ÙŠ,positive,2018-01-01T12:30:08+0000,https://www.facebook.com/298166859034_10155970069549035
ra8mli marb7t me3akom hata chay ama bravo 5ir men barcha,positive,2018-01-01T00:23:01+0000,https://www.facebook.com/298166859034_10155970069549035
t9oulou taw terb7ou w mathamma shayğŸ˜’ğŸ˜’,negative,2017-12-31T22:36:14+0000,https://www.facebook.com/298166859034_10155970069549035
"bonne annÃ©e orange, beaucoup de rÃ©ussite ...",positive,2018-01-01T11:10:53+0000,https://www.facebook.com/298166859034_10155970069549035
3amelt ma3koum a7la jaw nachah 3amkoum mabrouk orange,positive,2018-01-01T14:01:45+0000,https://www.facebook.com/298166859034_10155970069549035
"ProblÃ¨me de connexion avec les sites internationaux en 4G !!! echnouwa  hedha! echnouwa ye5i Facebook, Youtube , twitter welbe9i ma3andenech el7a9??!!",positive,2018-01-09T18:10:08+0000,298166859034_10155990710899035
"Ø­Ø³Ø¨Ù†Ø§ Ø§Ù„Ù„Ù‡ ÙˆÙ†Ø¹Ù… Ø§Ù„ÙˆÙƒÙŠÙ„ ÙÙŠ Ø§Ù„Ø²ÙŠØ§Ø¯Ø§Øª 

Ø§Ø¹Ø·ÙˆÙ‡ Ø¹Ù„Ù‰ Ø±Ø§Ø³ÙˆØ§ Ø§Ù„ØªÙˆÙ†Ø³ÙŠ Ø±Ø§Ù‡Ùˆ Ù…Ø§Ø²Ø§Ù„ ÙŠØªØ­Ù…Ù„",negative,2017-12-31T21:42:24+0000,https://www.facebook.com/298166859034_10155970629739035
Normalement Orange ntouma hakeka tetsarfou m3ana fel les services el 7moum mte3kom,negative,2018-01-08T06:14:54+0000,298166859034_10155989329394035
Ø¨Ø¬Ø§Ù‡ Ø±Ø¨ÙŠ  Ø¹Ù„Ø§Ø´ Ø§Ù„Ø³Ø±Ù‚Ø© Ø¯ÙŠÙ…Ø§ ØªØ¹Ù…Ù„ÙˆÙ„ÙŠ ÙÙŠÙ‡Ø§ Ù†ØµØ¨ ÙƒØ§Ø±ØªØ© ÙˆÙ…Ù† Ø¨Ø¹Ø¯ ØªØ¨Ø¯Ø§ ØªØ³Ø±Ù‚ÙˆÙ„ÙŠ Ù…Ù†Ù‡Ø§ Ù„ÙŠÙ† ØªÙˆÙØ§ Ù…Ù† ØºÙŠØ± Ù…Ù†Ø¹Ù…Ù„ Ø¨ÙŠÙ‡Ø§ Ø´ÙŠ ØªØ¨Ø¹Ø«ÙˆÙ„ÙŠ Ù…ÙŠØ³Ø§Ø¬Ø§Øª ÙˆØªÙ‡Ø²Ùˆ Ø­Ù‚Ù‡Ø§ Ù…Ù† Ø¹Ù†Ø¯ÙŠ Ø¹Ù„Ø§Ø´ ÙˆÙ…Ù†Ø­Ø¨Ø´ Ù†Ø¹Ù…Ù„ ØªÙˆÙ†Ø§Ù„ÙŠØªÙŠ ØªØ¹Ù…Ù„ÙˆÙ‡Ø§Ù„ÙŠ Ø¨Ø§Ù„Ø³ÙŠÙ ÙˆÙ…Ù†Ø­Ø¨Ø´ Ø§Ù„Ø¹Ø§Ø¨ ØªØ¹Ù…Ù„ÙˆÙ„ÙŠ Ø§ÙƒØ³Ø§Ø¨Øª Ù…Ù†ØºÙŠØ± Ù…Ù†ÙˆØ§ÙÙ‚ Ø§ÙØ²Ø­ Ø±Ø¨ÙŠ ÙŠÙ‡Ø¯ÙŠÙƒ ÙŠØ§ Ø§ÙˆØ±ÙˆÙ†Ø¬,negative,2018-01-07T10:12:15+0000,298166859034_10155988413404035
Ù…Ø§Ø¹Ù†Ø§Ø´ Ø§Ù„Ø­Ù‚ ÙÙŠ Ø§Ù„Ø±Ø¨Ø­,negative,2018-01-03T12:02:10+0000,298166859034_10155977679374035
ÙˆØ§Ù„Ù„Ù‡ Ø§Ù„Ø¹Ø¸ÙŠÙ… ØªØ¹Ø·ÙŠÙˆ ÙÙŠ Ø§Ù„ÙƒØ§Ø¯ÙˆØ§Øª Ø¨Ø§Ù„ÙˆØ¬ÙˆÙ‡ ØµØ­Ø© Ù„ÙŠÙƒÙ… ÙˆØ§Ø­Ù†Ø§ Ù…Ù†Ø±Ø¨Ø­ÙˆØ´ Ø­ØªÙ‰ Ø´ÙŠ Ø¹Ù„Ù‡,negative,2018-01-10T06:26:15+0000,298166859034_10155994451819035
"Ø§Ù‚Ø³Ù… Ø¨Ø£Ù†Ù†ÙŠ Ø§ÙˆØ§Ù„ Ø§Ù†Ø³Ø§Ù† Ø³ÙˆÙ ÙŠÙ‚Ø§Ø·Ø¹ Ø§Ù„ÙƒÙˆÙ†ÙƒØ³ÙŠÙˆÙ†  Ø¹Ù„Ù‰ Ø§Ù„Ø²ÙŠØ§Ø¯Ø§Øª ÙˆØ§Ù„Ø§Ø³ØªÙƒØ±Ø§Ø´ Ø¹Ù„Ù‰ Ø§Ù„Ø´Ø¹Ø¨ Ø§Ù„Ù…Ø³ÙƒÙŠÙ† Ù†Ø¹Ù„Ø¨ÙˆØ§ Ø§Ù„ÙƒÙˆÙ†ÙƒØ³ÙŠÙˆÙ†

Ø¹Ù„Ù‰ ÙÙƒØ±Ø© Ø§Ø³Ø£Ù„ÙˆØ§ Ø§ÙˆØ±Ù†Ø¬ Ù‚Ø¯Ø§Ø´ Ù†Ø³ØªÙ‡Ù„Ùƒ Ø¨Ø®Ù„Ø§Ù Ø§ÙˆÙ„Ø§Ø¯ÙŠ

Ù‡Ø§Ù„Ø¨Ù„Ø§Ø¯ Ù…Ø´Ø§Øª ÙÙŠ Ù‡Ø§ÙˆÙŠØ© Ø§Ù„Ø²ÙŠØ§Ø¯Ø§Øª Ø§Ù‚Ø³Ù… Ø§Ùˆ ÙØ±ØµØ© ÙÙŠ Ø§Ù„Ù‡Ø¬Ø±Ø© Ø³ÙˆÙ Ø§Ø±Ø­Ù„ Ù†Ø¹Ù„................",negative,2017-12-31T21:28:40+0000,https://www.facebook.com/298166859034_10155970164834035
Triste car j'ai pas gainer aucune chose avec Orange malgrÃ© que je suis client fidÃ¨le,negative,2018-01-08T19:09:24+0000,298166859034_10155991701199035
,negative,2017-12-31T20:43:30+0000,https://www.facebook.com/298166859034_10155970164834035
ÙƒÙ„ Ø¹Ø§Ù… ÙˆØ§Ù†Øª Ø¨Ø®ÙŠØ± Ùˆ Ø§Ù†Ø´Ø§Ø¡ Ø§Ù„Ù„Ù‡ ÙŠØªØ¹Ø¯Ù‰ Ø¹Ù„ÙŠÙƒ Ø¹Ø§Ù… Ø­Ù„Ùˆ Ùˆ ÙƒÙ„Ùˆ ÙØ±Ø­Ø© 344,positive,2017-12-31T21:00:06+0000,https://www.facebook.com/298166859034_10155970164834035
ÙˆØ§Ù„Ù„Ù‡ Ø§Ù„Ø¹Ø¸ÙŠÙ… ØªØ¹Ø·ÙŠÙˆ ÙÙŠ Ø§Ù„ÙƒØ§Ø¯ÙˆØ§Øª Ø¨Ø§Ù„ÙˆØ¬ÙˆÙ‡ ØµØ­Ø© Ù„ÙŠÙƒÙ… ÙˆØ§Ø­Ù†Ø§ Ù…Ù†Ø±Ø¨Ø­ÙˆØ´ Ø­ØªÙ‰ Ø´ÙŠ Ø¹Ù„Ù‡,negative,2018-01-10T06:26:15+0000,298166859034_10155994451819035
"Ø£Ø­Ù„Ø§ Ø¬ÙˆØ§ Ù…Ø¹ Ø§Ø­Ù„Ø§ Ø§ÙˆØ±Ù†Ø¬
Ø§Ù†Ø´Ø§Ø¡ Ø§Ù„Ù„Ù‡ ØªØ±Ø¨Ø­ Ù…Ø¹Ø§Ùƒ",positive,2018-01-10T10:00:14+0000,298166859034_10155991701199035
ÙŠØ§ Ø®ÙŠ ÙƒÙŠÙÙ†Ø§Ù‡ Ù†Ø¹Ø±Ù Ø§Ù„points cadeaux Ù…ØªØ§Ø¹ÙŠ ØŒ Ùˆ Ø´Ù†Ùˆ Ø§Ù†Ø¬Ù… Ù†Ø´Ø±ÙŠ Ø¨ÙŠÙ‡Ù… ØŸ,positive,2017-12-31T13:40:49+0000,https://www.facebook.com/298166859034_10155968427169035
ÙŠØ§ Ø§ÙˆØ±Ù†Ø¬ Ø¨Ø¹Ø«ØªÙˆÙ„ÙŠ ÙƒØ±ÙŠØ¯ÙŠ Ù…Ù† ØºÙŠØ± Ù…Ø§ Ø·Ù„Ø¨ØªÙˆ ÙˆÙ„ÙŠØª Ù†ØµØ¨ 5dÙˆØ§Ù†ØªÙ… ØªÙ†Ø­Ùˆ Ù…Ù†Ù‡Ù… Ù…Ø±ØªÙŠÙ† 1740Ù…Ø´ÙŠØª Ù„Ù„Ø³Ø±ÙÙŠØ³ Ù…ØªØ§Ø¹ÙƒÙ… Ø¨Ø§Ø´ Ù†Ø¯Ø³ÙƒØªÙŠÙÙŠÙ‡Ø§ Ø§Ù„Ø­ÙƒØ§ÙŠØ© ÙŠØ®ÙŠ Ø¨Ù‚Ø§ Ø§Ù„Ø­Ø§Ù„ Ø¹Ù„Ù‰ Ù…Ø§Ù‡Ùˆ Ø¹Ù„ÙŠÙ‡ ØªØ¹Ù…Ù„Ùˆ Ù…Ø²ÙŠØ© Ø´ÙˆÙÙˆÙ„ÙŠ Ø­Ù„ Ø§Ù…Ø§ ÙƒØ§Ù†Ø´ Ø®Ù†Ø´ÙˆÙ Ø¨ÙŠØ³ Ø§Ø®Ø±Ù‰ ÙˆÙ…Ø®ÙŠ Ø±Ø§ÙŠØ¶,negative,2017-12-31T13:29:05+0000,https://www.facebook.com/298166859034_10155968427169035
ÙŠØ§ Ø®ÙŠ ÙƒÙŠÙÙ†Ø§Ù‡ Ù†Ø¹Ø±Ù Ø§Ù„points cadeaux Ù…ØªØ§Ø¹ÙŠ ØŒ Ùˆ Ø´Ù†Ùˆ Ø§Ù†Ø¬Ù… Ù†Ø´Ø±ÙŠ Ø¨ÙŠÙ‡Ù… ØŸ,positive,2018-01-01T02:26:28+0000,https://www.facebook.com/298166859034_10155968427169035
ÙŠØ§ Ø®ÙŠ ÙƒÙŠÙÙ†Ø§Ù‡ Ù†Ø¹Ø±Ù Ø§Ù„points cadeaux Ù…ØªØ§Ø¹ÙŠ ØŒ Ùˆ Ø´Ù†Ùˆ Ø§Ù†Ø¬Ù… Ù†Ø´Ø±ÙŠ Ø¨ÙŠÙ‡Ù… ØŸ,positive,2017-12-31T14:46:40+0000,https://www.facebook.com/298166859034_10155968427169035
"la bonanÃ© la chay
7assnou fel service mte3kom
el debit mte3i dima 2mb alors que ena 4mb",negative,2017-12-31T14:20:01+0000,https://www.facebook.com/298166859034_10155968427169035
"ÙƒÙŠÙØ§Ù‡ Ù†Ø¨Ø¯Ù„ Ù„Ù„ÙÙˆØ±ÙØ§ÙŠ Ù…ØªØ§Ø¹ "" ØªØ³ØªÙ‡Ù„Ùƒ 5000 Ø§Ù†ØªØ±Ù†Ø§Øª ØªØ¬ÙŠÙƒ 5000 Ù…ÙƒØ§Ù„Ù…Ø§Øª "" 
Ø§Ù† Ø´Ø§Ø¡ Ø§Ù„Ù„Ù‡ Ø¹Ø§Ù…ÙƒÙ… Ù…Ø¨Ø±ÙˆÙƒ",positive,2017-12-31T13:01:25+0000,https://www.facebook.com/298166859034_10155968427169035
Ø§ÙˆØ±ÙˆÙ†Ø¬ Ù‡Ø°ÙŠ Ø§ÙƒØ«Ø± Ø´Ø±ÙƒØ© ØªØ³Ø±Ø§Ù‚ ÙÙŠ Ù„ÙÙ„ÙˆØ³ Ùˆ ÙƒÙ„ Ø´ÙŠ Ù„Ø§ ÙˆØ²ÙŠØ¯ Ø±ÙŠØ²Ùˆ ÙØ¶ÙŠØ­Ø© Ùˆ ÙƒÙˆÙ†ÙƒØ³ÙŠÙˆÙ† Ù‡Ø°ÙŠÙƒØ§ Ù‚Ù„ØªÙ„Ù‡Ù… Ø§Ø³ÙƒØªÙˆ Ù†Ù‡Ø§Ø± Ù„ÙƒÙ„ ÙˆÙ‡Ù…Ø§ ÙŠØ³Ø±Ù‚Ùˆ,negative,2017-12-31T12:29:22+0000,https://www.facebook.com/298166859034_10155968427169035
hram alikomm raww chlhalaa nsobb cnxx taa nharr to9eedlii see3tyyyn o manghyyrr le vidÃ©o le chayyy ğŸ˜’ğŸ˜’ hramm wlhh,negative,2017-12-31T11:44:01+0000,https://www.facebook.com/298166859034_10155968427169035
je regrette de vs avoir comme fournisseur adsl Ã§a fait un mois que je fais des rÃ©clamations mais rien Ã  faire. on me dirige vers le 31111150 qui ne rÃ©pond jamais.,negative,2018-01-02T19:02:09+0000,https://www.facebook.com/298166859034_10155968427169035
slm 3laykom ena awel mara nod5ol l page orange speciallement 5ater yaser kathroulha b ser9a alah la tberkelkom w bch nbadel pus yezi,negative,2018-01-01T12:38:48+0000,https://www.facebook.com/298166859034_10155968427169035
birasmi orange yesire sere9a tsobe bdinare finharine lbonuse m3adeche tal9ahome telekome we ooredoo 5ire bsara7a,negative,2017-12-31T12:43:35+0000,https://www.facebook.com/298166859034_10155968427169035
"Ø§Ù‡Ù„Ø§ Ø§ÙˆØ±ÙˆÙ†Ø¬
Ù†Ø­Ø¨ Ù†ÙˆÙ„ÙŠ Ø§ÙˆØ±ÙˆÙ†Ø¬ Ù„Ø§ÙƒÙ† Ø®Ø§ÙŠÙÙ‡ Ø¹Ù„Ø§Ù…Ø§ Ù‚Ø±ÙŠØª 
Ø²Ø¹Ù…Ø§ ØµØ­ÙŠØ­ Ø§Ù„ÙŠ ØªÙ‚Ø§Ù„ Ø¹Ù„Ù‰ Ø´Ø¨ÙƒØªÙƒÙ…ØŸ
ÙˆØ´ÙƒØ±Ø§",negative,2017-12-31T12:43:24+0000,https://www.facebook.com/298166859034_10155968427169035
Ø§ÙˆØ±Ù†Ø¬ Ø´Ø¨ÙŠÙƒÙ… ØµØ¨ÙŠØª 12Ø¯ÙŠÙ†Ø§Ø± Ø¨Ø§Ø´ Ù†Ø¹Ø¯ÙŠ ÙƒÙˆÙ†ÙƒØ³ÙŠÙˆÙ† Ù†Ø­ÙŠØªÙˆÙ„ÙŠ 25 ÙØ±Ù†Ùƒ Ø¹Ù„Ø§Ù‡ !,negative,2017-12-31T09:21:43+0000,https://www.facebook.com/298166859034_10155968427169035
Ø³Ù„Ø§Ù… Ø§ÙˆØ±ÙˆÙ†Ø¬ Ø¹Ù†Ø¯ÙƒÙ… Ø¨ÙˆØ§Ù†Ø§Øª ÙƒÙŠÙ…Ø§ ØªÙŠÙ„ÙŠÙƒÙˆÙ… ÙˆÙ„Ø§,negative,2017-12-31T11:41:54+0000,https://www.facebook.com/298166859034_10155968427169035
aaslema orange aaleh rÃ©seau dima y9os hata fi boq3a fyha rÃ©seau ! ?,negative,2017-12-31T11:40:46+0000,https://www.facebook.com/298166859034_10155968427169035
chbikom kif 9oltlkom sbeitla mafihech reseau orange majawebtonich?,negative,2017-12-31T12:05:59+0000,https://www.facebook.com/298166859034_10155968427169035
salem billehi ena insob 5000 fisah touf fahmouni alech merci,negative,2017-12-31T16:38:52+0000,https://www.facebook.com/298166859034_10155968427169035
salam orange na7ab na3raf point cadeaux,positive,2017-12-31T18:42:37+0000,https://www.facebook.com/298166859034_10155968427169035
belehi la3at teser9ouni rani zaweli,negative,2017-12-31T12:03:35+0000,https://www.facebook.com/298166859034_10155968427169035
Ø§Ù‡Ù„ Ø¤Ø±ÙˆÙ†Ø¬ Ù†Ø´Ø§Ù„Ù„Ù‡ Ø¹Ø§Ù…ÙƒÙ… Ù…Ø¨Ø±ÙˆÙƒ,positive,2017-12-31T14:35:36+0000,https://www.facebook.com/298166859034_10155968427169035
bech injib walid il tounsi il darna w na93ad fi dar netfarej 3alih,positive,2017-12-30T20:55:05+0000,https://www.facebook.com/298166859034_10155966885559035
net3acha w nekel gÃ¢teau w nor9od ğŸ˜´ğŸ˜´ğŸ˜´,positive,2017-12-30T19:24:16+0000,https://www.facebook.com/298166859034_10155966885559035
belehi jewebni ya orange,negative,2017-12-30T20:36:23+0000,https://www.facebook.com/298166859034_10155966885559035
Orange ÙˆÙ‚ØªØ§Ø´ Ù‚Ø±Ø¹Ø© my orange ?,positive,2017-12-30T17:47:45+0000,https://www.facebook.com/298166859034_10155966216709035
Wa9teh lcadeau jey ??,positive,2017-12-31T11:09:07+0000,https://www.facebook.com/298166859034_10155966216709035
Famech points merci ğŸ˜ŸğŸ˜ŸğŸ˜ŸğŸ˜ŸğŸ˜Ÿ,negative,2017-12-30T23:49:52+0000,https://www.facebook.com/298166859034_10155966216709035
N7eb w kifech ??,positive,2017-12-30T15:56:59+0000,https://www.facebook.com/298166859034_10155966216709035
blhy 3lech ma tzidouch el hiwar tounsi fi mtv orange ??,positive,2017-12-30T10:49:53+0000,https://www.facebook.com/298166859034_10155965701899035
tbi3ou facilitÃ© 9alouli oronge tbiii3 ?!!!!,positive,2017-12-30T14:25:25+0000,https://www.facebook.com/298166859034_10155965701899035
"Ø§Ù‚Ø³Ù… Ø¨Ø§Ù„Ù„Ù‡ Ø­Ø±Ø§Ù… ÙƒÙ„ ÙÙ„Ø³ Ø¨Ù†Ø¯ÙØ¹Ù‡ Ø§Ù„ÙƒÙ… 
Ù…Ø´ Ø­Ø±Ø§Ù… Ø§Ù†ØªØ±Ù†Øª Ù‡ÙŠÙƒ Ø³Ø±Ø¹ØªÙ‡ ØŸØŸ",negative,2017-12-30T17:32:16+0000,https://www.facebook.com/298166859034_10155965701899035
slm cv brabi matbi3ech orange belfacilite,positive,2017-12-30T14:13:36+0000,https://www.facebook.com/298166859034_10155965701899035
les rÃ¨gles de participer au jeux merci,positive,2017-12-30T20:56:52+0000,https://www.facebook.com/298166859034_10155965701899035
Ø¨Ø±Ø¨ÙŠ Ø´ÙˆÙÙˆÙ„Ù†Ø§ Ø­ÙƒØ§ÙŠØ© Ø§Ù„Ø±ÙŠØ²Ùˆ,negative,2017-12-30T15:41:24+0000,https://www.facebook.com/298166859034_10155965701899035
"prix iphone 5s 
w iphone 6 svp",positive,2017-12-30T22:12:23+0000,https://www.facebook.com/298166859034_10155965701899035
9adech dof3a 1,positive,2017-12-30T18:33:25+0000,https://www.facebook.com/298166859034_10155965701899035
kifh naaml bach nichri tlf ( bl point ??),positive,2017-12-31T07:12:02+0000,https://www.facebook.com/298166859034_10155965701899035
kifeh ta3ref l poine blhi,positive,2017-12-30T20:30:33+0000,https://www.facebook.com/298166859034_10155965701899035
merci orange pour le tÃ¨lÃ¨phone <3 <3,positive,2017-12-30T12:03:20+0000,https://www.facebook.com/298166859034_10155965701899035
bl facilitÃ©,positive,2017-12-30T11:24:58+0000,https://www.facebook.com/298166859034_10155965701899035
prix svpğŸ’•ğŸ’•,positive,2017-12-30T13:54:21+0000,https://www.facebook.com/298166859034_10155965701899035
prix svp ğŸ’“,positive,2017-12-30T12:01:37+0000,https://www.facebook.com/298166859034_10155965701899035
prix stp,positive,2017-12-30T10:52:17+0000,https://www.facebook.com/298166859034_10155965701899035
prix,positive,2017-12-30T10:43:49+0000,https://www.facebook.com/298166859034_10155965701899035
"bonsoir svp votre boutique orange av tayeb hachicha msaken c,est officiel ou une copie car j'ai achetÃ© un smartphone j3 samsung  n,est pas original",positive,2018-01-01T20:48:24+0000,https://www.facebook.com/298166859034_10155965701899035
Ù†Ø¬ÙŠØ¨ Ù…Ø¹Ø§ÙŠØ§ Ù…ÙØ§ØªØ­ Ø¯Ø§Ø±Ù†Ø§ØŸ ğŸ˜‚,positive,2017-12-30T10:35:46+0000,https://www.facebook.com/298166859034_10155965701899035
oÃ¹ le boutik orange et le prix de cette tÃ©lÃ©phone please,positive,2017-12-31T19:48:12+0000,https://www.facebook.com/298166859034_10155965701899035
dezzou fazetkom w ykoun cadeau lel 3am ejdid ? :p why not ? <3,positive,2017-12-30T10:04:29+0000,https://www.facebook.com/298166859034_10155965701899035
9albi sa8ir le yeta7amel ğŸ˜ğŸ˜¢,positive,2018-01-01T18:59:40+0000,https://www.facebook.com/298166859034_10155965701899035
kÃ©n blÃ©ch hani jÃ©ya,positive,2017-12-30T10:43:00+0000,https://www.facebook.com/298166859034_10155965701899035
"sÃ¸uhÄ™ila b'azÃ®zÃ£ rihab ben hmida
jarebt gbalkom w chay ta ta3you wentom terb7ou hhhhh eli zahrou bel mrama ymout fi stal ba8li wjouhna mech mta3 reb7 ğŸ˜‚ hhhhhh",negative,2017-12-29T19:55:40+0000,https://www.facebook.com/298166859034_10155963593724035
"Ù…Ø±Ø¶ Ø§Ù„Ù‡ÙˆÙ‰ Ù‚-Ø§ØªÙ„Ù†ÙŠ ÙˆØ§Ø´ Ø§Ø¯Ø§ÙˆÙŠÙ†ÙŠ ÙˆØ§Ø´ Ø§Ø¯Ø§ÙˆÙŠÙ†ÙŠ ÙƒØ±Ù‡ØªÙˆÙ†ÙŠ ÙÙŠ Ø­ÙŠØ§ØªÙŠ ÙƒØ§Ù† Ø§Ù„ÙƒØ°Ø¨ ÙÙŠ Ø¨Ø§Ù„ÙƒÙ… 2018 Ø¨Ø§Ù‡ÙŠØ© Ù…Ø§ÙŠ ØªØªØ¹Ø¯Ø¯Ù‰ ÙƒÙ„Ù„ÙŠ ÙØ§ØªÙˆ Ø§ÙŠØ¹ØªÙŠÙƒÙ… Ø¨Ø¹Ø²Ù‰  ÙˆØ§Ø´ ØªÙÙ„Ù…ÙˆØ§ 
Ù…Ø±Ø¶ Ø§Ù„Ù‡ÙˆÙ‰ Ù‚Ø§ØªÙ„Ù†ÙŠ ÙÙŠ 2018 Ù†ØªÙ…Ù†Ù‰ ØªÙˆÙÙ‰ Ø­ÙŠØ§ØªÙŠ Ø¨Ø±ÙˆØ§ Ø¨Ø±ÙˆØ§ Ø²Ù…Ø±ÙˆÙˆÙˆÙˆØ§ Ù…Ø§Ø¹ÙŠÙ†ÙŠ ÙÙŠ ØªÙ„ÙŠÙÙˆÙ†ÙƒÙ… Ø¹Ø§Ø±ÙÙƒÙ… ØªÙÙ„Ù…ÙˆØ§ Ø¯Ø§Ø²Ø²ÙŠÙ† ÙÙŠÙ‡Ø§ Ø®Ø±Ø§Ø¯ÙŠÙ‚ ÙˆØ§Ù†ØªÙ… Ø­ØªÙ‰ Ø§Ù„Ø±Ø­Ù…Ø© Ù…Ø§ØªØ¹Ø±ÙÙˆÙ‡Ø§Ø´ Ø¨ 2018 ØªÙˆ ØªØ±Ø­Ù…ÙˆØ§ Ù…Ø§Ù„Ø§ Ù‡Ø§Ùˆ Ù Ø¨Ø§Ù„ÙŠ Ø¨Ù„Ù„ÙŠ Ø§Ù†ØªÙ… Ø¨Ø§Ù‡ÙŠÙ† ÙˆØ§Ù„Ù„Ù‡ ÙƒÙ†Ù‚Ù„Ø¨ Ø¬Ø¯ Ø§Ù…Ù‡Ø§ ØªÙˆÙ„Ù„ÙŠ 8102 Ù„Ø§ÙƒÙ… Ø¹Ø§Ø·ÙŠÙ†ÙˆØ§ ØªÙ„ÙŠÙÙˆÙ†",negative,2017-12-29T20:55:46+0000,https://www.facebook.com/298166859034_10155963593724035
Ù‡Ø§ Ù†Ø­Ù† ÙˆØ¯Ø¹Ù†Ø§ Ø¹Ø§Ù…Ø§Ù‹ ÙˆÙ†Ø³ØªÙ‚Ø¨Ù„ Ø£Ø®Ø± Ø¬Ø¯ÙŠØ¯Ø§ 2018Ù‹ØŒ Ù†Ø³Ø£Ù„ Ø§Ù„Ù„Ù‡ Ø§Ù„Ù…ØºÙØ±Ø© Ø¹Ù…Ø§ Ø³Ù„Ù ÙˆÙ…Ø¶Ù‰ ÙˆØ§Ù„Ù‡Ø¯Ø§ÙŠØ© ÙˆØ§Ù„ØªÙˆÙÙŠÙ‚ ÙÙŠÙ…Ø§ Ù†Ø³ØªÙ‚Ø¨Ù„ØŒ Ø¥Ù†Ù…Ø§ Ù‡Ø°Ù‡ Ø§Ù„Ø­ÙŠØ§Ø© ÙƒØ¯Ø§Ø±Ù ÙŠØ¯Ø®Ù„Ù‡Ø§ Ø§Ù„Ù…Ø±Ø¡ Ù…Ù† Ø¨Ø§Ø¨ ÙˆÙŠØ®Ø±Ø¬ Ù…Ù† Ø§Ù„Ø¨Ø§Ø¨ Ø§Ù„Ø¢Ø®Ø± Ø¥Ù†Ù‡Ø§ ÙƒØ¸Ù„ Ø´Ø¬Ø±Ø© ÙŠÙ‚ÙŠÙ„ ÙÙŠÙ‡ Ø§Ù„Ù…Ø±Ø¡ Ø«Ù… Ø³Ø±Ø¹Ø§Ù† Ù…Ø§ ÙŠØ³ØªÙŠÙ‚Ø¸ØŒ Ø£Ù„Ø§ ØªØ±ÙˆÙ† ÙƒÙŠÙ ØªÙ†ØµØ±Ù… Ø£ÙŠØ§Ù…Ù‡Ø§ØŒ ÙˆÙƒÙŠÙ ØªÙ†Ù‚Ø¶ÙŠ Ø£Ø¹ÙˆØ§Ù…Ù‡Ø§ØŒ ÙˆØ¥Ù†Ù…Ø§ Ù‡ÙŠ Ù†ÙØ³ ÙˆØ§Ø­Ø¯Ø© Ù„Ù‡Ø§ ÙØ±ØµØ© ÙˆØ§Ø­Ø¯Ø© ÙØ§Ù†Ø¸Ø±ÙˆØ§ Ø£ÙŠÙ† ØªÙˆØ¶Ø¹ Ù‡Ø°Ù‡ Ø§Ù„Ù†ÙØ³ ÙˆÙÙŠ Ø£ÙŠ Ø§ØªØ¬Ø§Ù‡ ØªÙ…Ø¶ÙŠ Ù‡Ø°Ù‡ Ø§Ù„ÙØ±ØµØ©,negative,2017-12-29T23:27:40+0000,https://www.facebook.com/298166859034_10155963593724035
"Ùˆ Ø§Ù†Ø§ Ø®Ø°ÙŠØª Ùˆ Ø·Ù„Ø¹ Ø§Ù„ØªØ§Ù„ÙŠÙÙˆÙ† Ù…ÙƒØ³Ø±  Ùˆ Ø±Ø¬Ø¹ØªÙˆ Ù…Ø±ØªÙŠÙ† Ù„Ù„Ø¶Ù…Ø§Ù† Ùˆ ÙÙŠ Ø§Ù„Ø§Ø®ÙŠØ± ØªØ§Ù„ÙŠÙÙˆÙ† Ù…ÙƒØ³Ø± Ùˆ Ù‚Ø§Ù„ÙˆÙ„ÙŠ Ø§Ø³ØªØ¹Ù…Ù„ Ø§Ù„Ø®Ø· ÙÙŠ ØªØ§Ù„ÙŠÙÙˆÙ† Ø§Ø®Ø± 
Ù…Ø§Ù„Ø§ Ø§Ù†Ø§ Ø¹Ù„Ø§Ø´ Ø´Ø±ÙŠØªÙ‡ Ø§Ù„ØªØ§Ù„ÙŠÙÙˆÙ† 
Ø¨Ø§Ù„ØºØ´ ÙƒØ³Ø± Ø§Ù„ØªØ§Ù„ÙŠÙÙˆÙ† Ùˆ Ø§Ù„Ø®Ø· Ùˆ ØªÙˆØ§ Ù‚Ø§Ù„ÙˆÙ„ÙŠ Ù…Ø³Ø§Ù„Ø© Ø§Ù†Øª Ø­Ù‚ Ø§Ù„ØªØ§Ù„ÙŠÙÙˆÙ† Ø¨Ø§Ù„Ù„Ù‡ ÙƒÙŠÙ ÙŠÙˆØµÙ„ÙˆÙ‡Ø§ Ù„Ù„Ø§Ù…Ù… Ø§Ù„Ù…ØªØ­Ø¯Ø© Ùˆ Ø§Ù‡ÙˆÙƒØ§ ØµØ§Ø­Ø¨ Ø§Ù„Ø¨ÙˆØªÙŠÙƒ ÙÙŠ Ø¨Ø§Ù„ÙŠ Ù…Ø§ Ø®ØµØ± Ø¹Ù„ÙŠØ§ ÙƒØ§Ù† Ø§Ù„Ù„Ù‡ ØºØ§Ù„Ø¨ Ø§Ø®ØªÙŠ Ù…Ù† Ø²Ù‡Ø±Ùƒ Ø§Ù„ÙƒØ¹Ø¨Ø© Ù…ÙƒØ³Ø±Ø© Ø§Ù„ÙŠ Ø®Ø°ÙŠØªÙ‡Ø§",negative,2017-12-31T08:44:45+0000,https://www.facebook.com/298166859034_10155962824969035
blhi ya orange est ce que enajem na5tar numero nbda na7ki m3h gratuit,positive,2017-12-31T06:03:40+0000,https://www.facebook.com/298166859034_10155962824969035
Ø§Ù†Ø¬Ù… Ù†Ø§Ø®Ø° ØªÙ„ÙÙˆÙ† Ø¨Ø§Ù„ØªÙ‚ØµÙŠØ· ÙˆØ§Ù„Ø¶Ù…Ø§Ù† Ø¨Ø·Ø§Ù‚Ø© Ø§Ù„ØªØ¹Ø±ÙŠÙ ÙˆØ§Ù„Ø§ Ø¹Ù† Ø·Ø±ÙŠÙ‚ Ø§Ù„Ø¨Ù„Ø¯ÙŠØ© ØŸØŸ Ø§Ø±Ø¬Ùˆ Ø§Ù„Ø±Ø¯ ÙÙˆØ±Ø§,positive,2017-12-30T18:44:29+0000,https://www.facebook.com/298166859034_10155962824969035
Ø§Ù†Ø§ ÙˆØ§Ø®Ø°Ù…Ù†Ù‡Ø§ Ø¹Ù† Ø·Ø±ÙŠÙ‚ Ø§Ù„ÙˆØ¯Ø§Ø¯ÙŠØ© Ù…ØªØ¹ ÙˆØ²Ø§Ø±Ø© Ø§Ù„ØªØ±Ø¨ÙŠØ©ÙŠÙ‚ÙˆÙ„Ùƒ Ø§Ù„Ø§Ù†ØªØ±Ù†Ø§Øª Ù…Ø¬Ø§Ù†ÙŠ ÙˆØ´Ù‡Ø± ÙƒØ§Ù…Ù„ ÙˆÙŠØ¹Ø·ÙˆÙƒ Ø§Ø³Ø¨ÙˆØ¹ ÙˆÙŠÙ‚Ø³Ùˆ Ø¹Ù„ÙŠÙƒ,negative,2017-12-30T10:42:18+0000,https://www.facebook.com/298166859034_10155962824969035
6 go injectÃ© chaque mois pendant 12 mois yetsabo automatiquement walla yelzem netahlek flous bach na5'o bonus,positive,2017-12-29T14:12:03+0000,https://www.facebook.com/298166859034_10155962824969035
"orange
Ø¹Ù†Ø¯ÙŠ Ø®Ø· ÙƒØ±Ù‡ØªÙˆÙ†ÙŠ ÙÙŠÙ‡ Ùˆ ÙÙŠ Ø§ÙˆØ±Ù†Ø¬ Ùˆ Ø¨Ø§Ø´ Ù†Ø¨Ø¯Ù„ Ù…Ù†ÙƒÙ….
ÙÙŠ Ù†ØµÙ Ø³Ø§Ø¹Ø© Ù‚ØµÙŠØª Ø§Ù†ØªØ±Ù†Ø§Øª Ù„Ø­Ø¸Ø§Øª Ùˆ Ø¯ÙˆÙ† Ø§Ù† Ø§Ø³ØªØªÙ…Ù„ Ø§Ù„Ø§Ù†ØªØ±Ù†Ø§Øª Ø¬Ø§Ù†ÙŠ Ù…Ø³Ø§Ø¬ Ø§Ù„Ù„ÙŠ Ù…ÙŠØºØ§ÙˆØ§Øª ÙƒÙ…Ù„ÙˆØ§.
Ùˆ Ø¯ÙŠÙ…Ø§ ØªØ­ØµÙ„ÙŠ , Ø§ØªØµÙ„Øª Ù…Ø±Ø§Ø±Ø§ Ø¨Ø§Ù„ 1150 Ùˆ ÙŠÙˆØ¹Ø¯ÙˆÙ†ÙŠ Ø¨Ø§Ø´ ØªØªØµÙ„Ø­ Ø¯ÙˆÙ† Ø¬Ø¯ÙˆÙ‰.
Ø­ØªÙ‰ 6go
Ø´ÙƒÙˆÙ† ÙŠØ¶Ù…Ù†Ù„ÙŠ Ù…Ø§ ØªÙ‚ØµÙˆÙ‡Ø§Ù„ÙŠØ´ ÙÙŠ Ø§Ø³Ø¨ÙˆØ¹ Ùˆ ØªÙ‚Ù„ÙŠ ÙˆÙØª!!!!",negative,2017-12-29T18:31:45+0000,https://www.facebook.com/298166859034_10155962824969035
Ø¹Ù†Ø¯ÙŠ Ø±Ù‚Ù… Ø§ÙˆØ±Ù†Ø¬ Ù†ØµØ¨ ÙÙŠÙ‡ ÙÙ„ÙˆØ³ Ø¯ÙŠÙ…Ø§ ØªØªÙ†Ø­ÙŠ ÙˆÙ†ØµØ¨ ÙƒØ§Ø±Ø·Ø© Ø®Ù…Ø³Ø© ØªØ¬ÙŠÙ†ÙŠ Ø®Ù…Ø³Ø© Ø¨ÙˆÙ†ÙŠØ³ ÙˆÙÙŠØ³Ø¹ ÙŠÙ†Ø­ÙˆÙ‡Ø§ Ø´Ù†Ùˆ Ø­Ù„,negative,2017-12-31T09:56:00+0000,https://www.facebook.com/298166859034_10155962824969035
slm brabi ana m3dya forfait.orange w.rigelt.paramÃ©tre mais ma7betch timchi internet fi talifouni kifech n3mel brabi,positive,2017-12-31T08:44:47+0000,https://www.facebook.com/298166859034_10155962824969035
Ù†Ø­Ø¨ Ù†Ø¹Ø±Ù Ø¹Ù„Ø§Ø´ ÙƒÙŠ ÙŠÙˆÙØ§ Ø§Ù„ÙÙˆØ±ÙØ§ÙŠ Ù…ØªØ§Ø¹ Ø§Ù„Ø§Ù†ØªØ±Ù†Ø§Øª ÙŠÙ…Ø´ÙŠÙˆ Ø¯ÙŠØ±Ø§ÙƒØª ÙŠÙ‚ØµÙˆÙ„Ùƒ Ù…Ø§Ù„ØµÙˆÙ„Ø¯ØŸ Ù…Ø§Ùˆ ÙØ§ Ø§ÙƒÙ‡Ùˆ Ù…ÙˆØ´ ØªØ¨Ø¹Ø«Ù„ÙŠ Ù…ÙŠØ³Ø§Ø¬ Ùˆ ØªÙ…Ø´ÙŠÙˆ Ø¬Ø±ÙŠØ© Ù„Ù„ØµÙˆÙ„Ø¯. Ù‡Ø°ÙŠ Ø§Ø³Ù…Ù‡Ø§ ØªØ­ÙŠÙ„.,negative,2017-12-30T15:37:09+0000,https://www.facebook.com/298166859034_10155962824969035
Ù†Ø­Ø¨ Ù†Ø¹Ø±Ù Ø¹Ù„Ø§Ø´ ÙƒÙŠ ÙŠÙˆÙØ§ Ø§Ù„ÙÙˆØ±ÙØ§ÙŠ Ù…ØªØ§Ø¹ Ø§Ù„Ø§Ù†ØªØ±Ù†Ø§Øª ÙŠÙ…Ø´ÙŠÙˆ Ø¯ÙŠØ±Ø§ÙƒØª ÙŠÙ‚ØµÙˆÙ„Ùƒ Ù…Ø§Ù„ØµÙˆÙ„Ø¯ØŸ Ù…Ø§Ùˆ ÙØ§ Ø§ÙƒÙ‡Ùˆ Ù…ÙˆØ´ ØªØ¨Ø¹Ø«Ù„ÙŠ Ù…ÙŠØ³Ø§Ø¬ Ùˆ ØªÙ…Ø´ÙŠÙˆ Ø¬Ø±ÙŠØ© Ù„Ù„ØµÙˆÙ„Ø¯. Ù‡Ø°ÙŠ Ø§Ø³Ù…Ù‡Ø§ ØªØ­ÙŠÙ„.,negative,2017-12-30T14:48:03+0000,https://www.facebook.com/298166859034_10155962824969035
ØªØ­ÙŠØ§ØªÙŠ Ø§Ù„ÙŠ orange Ø¬ÙŠØ¨ÙˆÙ†Ø§ Ø§Ù„Ø¬Ø¯ÙŠØ¯ ÙˆØ¹Ø·ÙŠÙˆÙ†Ø§ Ø§Ù„Ø§Ù†ØªØ±Ù†Ø§Øª Ø¨Ù„Ø§Ø´ ÙÙŠ Ø§Ù„Ø¹Ø§Ù… Ø§Ù„Ø¬Ø¯ÙŠØ¯  .Ù†ØµØ¨ ÙƒØ±Ø·Ø§Ù‡ Ø¨ÙŠ  Ø®Ù…Ø³ Ù„Ø§Ù ØªØªÙ†Ø­Ù‡ ÙÙŠ Ù„Ø­Ø¸ Ù…ØºÙŠØ± Ù…Ù†Ù‚Øµ Ø¨ÙŠÙ‡Ø§ Ø§Ù„Ø£Ù†ØªØ±Ù†Ø§Øª  Ø¹Ù„Ø§Ø´ Ø¨Ø±Ø¨ÙŠ     ÙˆØ´ÙƒØ±Ù†,positive,2017-12-30T11:12:37+0000,https://www.facebook.com/298166859034_10155962824969035
orange j ai achetÃ© un forfait internet 700 mÃ©ga 3000 dt ont Ã©tÃ© dÃ©bitÃ© de mon solde sans avoir internet,negative,2017-12-29T21:13:02+0000,https://www.facebook.com/298166859034_10155962824969035
orange 3amlouna mise Ã  jour lel jeu super tounsi mazel bloquÃ© niveau 4 mayethalach,negative,2017-12-30T16:03:11+0000,https://www.facebook.com/298166859034_10155962824969035
ana 3andi airbox bil fatour jim3a w9aset mnha lfloss 10   gg mala,negative,2017-12-30T18:20:43+0000,https://www.facebook.com/298166859034_10155962824969035
Ø§Ù†Ø¬Ù… Ù†Ø´Ø±ÙŠ Ø¹Ù† Ø·Ø±ÙŠÙ‚ ÙˆØ¯Ø§Ø¯ÙŠØ© ÙˆØ²Ø§Ø±Ø© Ø§Ù„ØªØ±Ø¨ÙŠØ©ØŸ,positive,2017-12-29T14:09:39+0000,https://www.facebook.com/298166859034_10155962824969035
belehi fahmouni hkeyet elpack chnawa hethi,positive,2017-12-31T01:45:25+0000,https://www.facebook.com/298166859034_10155962824969035
nheb ne5ou telf bil faciletÃ© chnowa fama des ofres,positive,2017-12-31T18:13:49+0000,https://www.facebook.com/298166859034_10155962824969035
Ø¨Ø±Ø¨ÙŠ music blayt Ù†Ø­Ø¨ Ù†Ù„ØºØ§Ù‡Ø§ ÙƒÙŠÙØ§Ø´ Ø±Ø§Ù†ÙŠ ÙƒØ±Ù‡Øª Ø§Ù„Ø®Ø· Ù…Ù† Ø¬Ø±ØªÙ‡Ø§,negative,2017-12-30T17:32:47+0000,https://www.facebook.com/298166859034_10155962824969035
Ù‚Ø¯Ø§Ø´ ÙÙ„ÙˆØ³ Ø¨Ø§Ù„Ù„Ù‡,positive,2017-12-31T13:33:19+0000,https://www.facebook.com/298166859034_10155962824969035
slm brabi nheb na5ou telf bil facilite chnawa lazem,positive,2017-12-31T13:46:10+0000,https://www.facebook.com/298166859034_10155962824969035
chno kayn f riseu wifi mbghach ykhdm???,negative,2017-12-29T12:41:31+0000,https://www.facebook.com/298166859034_10155962824969035
ninja7 fi 9rayti wm3aha talifone mo3tabar,negative,2017-12-31T10:27:57+0000,https://www.facebook.com/298166859034_10155961141829035
nerba7 7aja men 3and oronge kima taliphone,positive,2017-12-31T10:25:55+0000,https://www.facebook.com/298166859034_10155961141829035
talifouni tkasir  nitmana yjini talifoun akhir sayha,positive,2017-12-30T11:24:33+0000,https://www.facebook.com/298166859034_10155961141829035
nsob dinar  ou matna7iwlichi menou 200 frank ...,negative,2017-12-28T22:11:16+0000,https://www.facebook.com/298166859034_10155961141829035
Ù†ØªÙ…Ù†Ø§ ØªØ¨Ø¹Ø¯ÙˆÙ†ÙŠ Ù„Ù„Ù‡ ÙÙŠ Ø³Ø¨ÙŠÙ„ Ø§Ù„Ù„Ù‡ Ùˆ Ù†Ù‚ØµÙˆØ§ Ù…Ù† Ø§Ù„Ù…Ø³Ø§Ø¬Ø§Øª Ø±Ø§Ù†ÙŠ ÙƒØ±Ù‡ØªÙƒÙ… ÙƒÙ„ Ù…Ø±Ø© ÙŠØ¬ÙŠ Ù…ÙŠØ³Ø§Ø¬ Ù†ÙØ±Ø­ Ù†Ù‚ÙˆÙ„ Ù…Ù† Ø­Ø¯ Ø¹Ø²ÙŠØ² Ø¹Ù„ÙŠÙ‡ Ù†Ù„Ù‚Ø§Ù‡  Ø£ÙˆØ±ÙŠØ¯ÙˆØ§ ÙˆØ¥Ù„Ø§ Ø£ÙˆØ±Ù†Ø¬ Ùˆ Ø¥Ù„Ø§ ØªÙŠÙ„ÙŠÙƒÙˆÙ… Ø§Ù„ØµØ¨Ø± Ùˆ Ø¨Ø±Ù‘,negative,2017-12-28T21:41:57+0000,https://www.facebook.com/298166859034_10155961141829035
Ùˆ Ø§Ù†Øª orange Ø´ÙŠÙ‡Ù…Ùƒ ÙÙŠØ§ ØŸØŸ Ø¨Ø´ ØªØ­Ù‚Ù‚Ù‡Ù…Ù„ÙŠ Ø§Ù†Øª ğŸ˜ğŸ˜ ØªÙŠ Ø§Ù†ØªÙˆÙ…Ø§ ÙÙ„ÙˆØ³Ù†Ø§ ØªØ³Ø±Ù‚ÙˆØ§ ÙÙŠÙ‡Ù… ...,negative,2017-12-28T19:10:05+0000,https://www.facebook.com/298166859034_10155961141829035
"Ù†ØªÙ…Ù†Ù‰ ØªÙ†Ù‚ØµÙˆØ§ Ù…Ø§Ù„Ù…ÙŠØ³Ø§Ø¬Ø§Ø§Ø§Øª ÙŠØ±Ø­Ù… ÙˆØ§Ù„Ø¯ÙŠÙƒÙ… Ø±Ø§ÙƒÙ… ØªØ¹Ø¨ØªÙˆÙ†ÙŠ Ø§Ù†Ø§ Ø´Ø§ÙŠØ­Ø© Ø¹Ø§Ø·ÙÙŠØ§Ø§Ø§ ÙˆÙŠÙ† ÙŠØ¬ÙŠÙ†ÙŠ Ù…ÙŠØ³Ø§Ø§Ø§Ø¬ Ù†ÙØ±Ø­ Ù†Ø­Ù„Ùˆ Ù†Ù„Ù‚Ø§Ù‡Ø§ Ø§ÙˆØ±Ù†Ø¬ ğŸ˜’ğŸ˜¢ ÙˆØ­Ø§Ø¬Ø© Ø§Ø®Ø±Ø© Ù†Ù‚ØµÙˆØ§ Ù…Ø³Ø±Ù‚Ø© Ø¹ÙŠØ¨.. Ù„Ø§ ØªÙ‡Ù†Ø§Ø§Ùˆ Ù†ØªÙˆÙ…Ø§ Ø±Ø¨ÙŠ Ù…ØªØ­Ù„Ù ÙÙŠÙƒÙ… 
âœŒğŸ˜’ğŸ˜‚",negative,2017-12-29T00:49:52+0000,https://www.facebook.com/298166859034_10155961141829035
"Ù†Ø­ÙŠ Ø®Ø§ØµÙŠØ© Ø§Ù„Ø±Ø³Ø§Ø¦Ù„ Ø§Ù„Ø¯Ø§ÙØ¹Ø© message push Ø£Ùˆ ÙƒÙ…Ø§ ØªØ³Ù…ÙˆÙ‡Ø§ smart message 
Ø¥Ù„Ù„ÙŠ Ø¹Ø§Ù…Ù„Ø© Ø³ØªØ±Ø§Ø³ Ù„Ù„Ø¹Ø¨Ø§Ø¯ ÙŠÙƒÙˆÙ† Ù‚Ø§Ø¹Ø¯ ÙŠØ¬ÙŠÙ‡ Ø±Ø³Ø§Ù„Ø© ÙŠÙ†Ø²Ù„ Ù…ÙˆØ§ÙÙ‚ Ø¨Ø§Ù„ØºÙ„Ø· ÙŠØ·ÙŠØ±Ùˆ Ø²ÙˆØ² ÙØ±Ù†Ùƒ Ø§Ù„ÙƒØ³ÙŠØ¨Ø© .. Ø±Ø³Ø§Ø¦Ù„ ØªÙ†ØªÙ‡Ùƒ Ø­Ø±Ù…Ø© Ø§Ù„Ù‡Ø§ØªÙ Ø§Ù„Ø¬ÙˆØ§Ù„ Ùˆ Ø·Ø±ÙŠÙ‚Ø© Ø±Ø®ÙŠØµØ© Ù„Ù„ÙƒØ³Ø¨ .",negative,2017-12-29T01:05:42+0000,https://www.facebook.com/298166859034_10155961141829035
Ø§Ù†Ø§ Ù‡Ø°Ø§ÙŠØ§ ÙƒÙ„ Ù…ÙŠØ¹Ù†ÙŠÙ†ÙŠØ´ Ù‡ÙˆÙ…Ø§ Ø§ØµØ­ÙŠØ­ ÙƒØ«Ø±Ùˆ Ø¨Ø±Ø´Ø§ Ù…Ù„ ofers ØªØ¹Ù‡Ù… Ù„Ø§ÙƒÙ† Ø§Ù†Ø§ ÙˆØ§Ø­Ø¯ Ù…Ù†Ø§Ø³ ÙƒÙ†Øª ÙƒÙ„ 3 Ø´Ù‡ÙˆØ± Ø§Ù†Ø®Ø±Ø¬ Ø®Ø· Ù…Ù„ÙŠ Ø§Ø¹Ù…Ù„Øª Ø§ÙˆØ±Ù†Ø¬ Ø§Ù„Ø­Ù‚ Ù‚Ø¯Ø§Ù… Ø±Ø¨ÙŠ Ø¹Ù†Ø¯ÙŠ ØªÙˆ ÙÙˆÙ‚ Ù…Ù„ 5 Ø³Ù†ÙŠÙ† Ù…Ø¨Ø¯Ù„ØªØ´ ÙˆÙƒÙ„ ÙˆØ§Ø­Ø¯  Ù…Ù„ÙŠ Ù‚Ø¹Ø¯ÙŠÙ† ÙŠÙ†Ù‚Ø¯Ùˆ ÙÙ…Ø§ Ù…Ø±Ù‰ Ù„ÙˆÙƒØ§Ù† Ù…ÙˆØ´ Ù…Ù„ Ø§ÙˆØ±Ù†Ø¬ Ù…ØªÙ†Ø¬Ù…Ø´ÙŠ Ø§ØªÙƒÙ†ÙƒØªÙŠ Ø¨Ø§Ù„ÙƒØ±ÙŠØ¯ÙŠ Ù…ÙŠØ³Ø§Ù„Ø´ Ø§Ø­ÙƒÙŠ Ø§Ù„ÙŠ Ø§ØªØ­Ø¨ Ù„ÙƒÙ† ÙÙ„Ø®Ø± Ù…ÙŠØ³Ø§Ù„Ø´ Ø­ØªÙ‰ ÙƒÙŠÙ Ø§ØªØ¹Ø§ÙˆÙ† Ø¨ÙŠ ÙƒÙ„Ù…Ø© Ø¨Ø§Ù‡ÙŠØ§ Ù„Ø§Ø®Ø§ØªØ± Ù…Ø§ ÙÙŠÙ†Ø§ Ø­ØªÙ‰ ÙˆØ§Ø­Ø¯ Ù…ÙƒØ±Ø¯Ø§Ø´ Ù…Ù†Ù‡Ø§ Ø§Ù‚Ø¨Ù„ Ø§Ù†Ø§ Ù…Ù†ÙŠØ´ Ù‚Ø§Ø¹Ø¯ Ø§Ù†Ø§ÙÙ‚ ÙÙŠÙƒÙ… Ù„Ø§ ÙƒÙ† ÙƒÙ„Ù…Ø© Ø­Ù‚ Ø§Ù†Ø§ Ø§Ù†Ù‚Ù„ÙƒÙ… Ø§Ù†Ø´Ø§Ø¡ Ø§Ù„Ù„Ù‡ Ø±Ø¨ÙŠ Ø§Ø¹Ù†ÙƒÙ… ÙˆØ§Ù†Ø´Ø§Ø¡ Ø§Ù„Ù„Ù‡ ÙƒÙ„ Ø¹Ø§Ù… ÙˆØ§Ù†ØªÙ… Ø¨Ø®ÙŠØ± ÙˆÙ†Ø§ Ù†ØªÙ…Ù†Ù‰ Ù…Ù†ÙƒÙ… Ø§ØªØ¹Ø§ÙˆÙ†ÙˆÙ†ÙŠ Ø¹Ù†Ø¯ÙŠ Ø§Ù„Ø¨ÙŠØ³ Ù‡Ø§Ø°ÙŠ Ù…Ø¯Ù‰ Ø·ÙˆÙŠÙ„Ø© Ø¨Ø§Ø³Ù… Ø§Ø®ØªÙŠ Ø§Ù†Ø§ Ù†Ø­ÙƒÙŠ Ø¨ÙŠÙ‡Ø§ Ù…Ù†Ø­Ø¨Ø´ Ø§Ù†Ù‚ØµÙ‡Ø§ Ù„Ø®Ø·Ø± Ø§ØºÙ„Ø¨ÙŠØª Ø§Ø±Ù‚Ø§Ù… Ù†Ø®Ø¯Ù… Ø¨ÙŠÙ‡Ù… Ùˆ Ø¹Ù†Ø¯ÙŠ ØªØ§Ù„ÙŠÙÙˆÙ† ÙˆÙŠÙƒÙˆ Ø§Ø¹Ø² Ø¹Ù„ÙŠØ§ Ø¨Ø±Ø´Ø§ ØªØ¶Ø±Ø¨ØªÙ„ÙŠ (carts mere) ÙˆÙ„ÙˆØ¬Øª Ø¹Ù„ÙŠÙ‡Ø§ ÙØ§Ù„Ø¨Ù„Ø§ÙŠØ³ ÙƒÙ„ Ø§Ù„ÙŠ Ù†Ø³Ø¤Ù„Ùˆ Ø§Ù‚ÙˆÙ„ÙŠ ÙƒØ§Ù† ÙØ§Ù„Ø´Ø±ÙƒØ© ÙˆØ§Ù†Ø§ Ù…Ø¹Ù†Ø¯ÙŠØ´ Ø§Ø´ÙƒÙˆÙ† ÙŠÙ‚Ø±Ø¨Ù„ÙŠ ÙØ§Ù„Ø®Ø§Ø±Ø¬ Ø¨Ø´Ø¬ÙŠØ¨Ù‡Ø§Ù„ÙŠ Ø¹Ø§ÙˆÙ†ÙˆÙ†ÙŠ Ø±Ø¨ÙŠ Ø§ÙØ¸Ù„ÙƒÙ… Ø±Ø¨ÙŠ Ø§Ø¹ÙŠÙ†ÙƒÙ… ÙˆØ´ÙƒØ±Ø§,positive,2017-12-29T23:26:02+0000,https://www.facebook.com/298166859034_10155961141829035
ÙˆØ§Ù„Ù„Ù‡ Ø£Ø³ÙˆØ§Ù… les offres ÙƒØ§Ù†Ùˆ Ù…Ø¹Ù‚ÙˆÙ„ÙŠÙ† ÙˆØªÙˆØ§ Ù…Ø¯Ø© Ø¹Ø§Ù…ÙŠÙ† ÙŠØ§Ø³Ø± Ø²Ù„Ø¹ØªÙˆÙ‡Ø§ ÙˆÙ†Ù‚ØµØªÙˆ ÙÙŠ Ø­Ø¬Ù… les mb ÙˆØ²Ø¯ØªÙˆ ÙÙŠ Ø§Ù„ÙÙ„ÙˆØ³ Ø¨Ø§Ø´ ØªÙ‚Ù„ÙŠ Ù‚Ø§Ù†ÙˆÙ† Ù…Ø§Ù„ÙŠØ© Ù†Ù‚Ù„Ùƒ Ù…Ù†Ø³Ù…Ø¹ÙƒØ´ÙŠ Ø®ÙˆÙŠØ§ 2gb Ø¨ 12 Ø¯ Ø¨Ø¹Ø¯ Ù…Ø§ ÙƒØ§Ù†Ùˆ Ø¨ 2Ø¯ Ø§Ù†Ø§ Ù…Ù„ÙŠ Ø­Ù„Øª Ø£ÙˆØ±ÙˆÙ†Ø¬ ÙÙŠ ØªÙˆÙ†Ø³ Ù†Ø³ØªØ¹Ù…Ù„ ÙÙŠÙ‡Ø§ ÙˆØ¨ØµØ±Ø§Ø­Ø© Ø±Ø§Ø¬Ø¹Ùˆ Ø§Ù„Ø­ÙƒØ§ÙŠØ©.,negative,2017-12-29T18:25:25+0000,https://www.facebook.com/298166859034_10155961141829035
Ø§ØªÙ…Ù†Ù‰ Ø³Ù†Ø© Ø§Ø¯Ø§Ø±ÙŠØ© Ø³Ø¹ÙŠØ¯Ø© ÙƒÙ„Ù‡Ø§ Ø§Ù…Ù† ÙˆØ§Ø³ØªÙ‚Ø±Ø§Ø± ÙˆÙ†Ù…ÙˆØ§ Ø§Ù‚ØªØµØ§Ø¯ÙŠ Ù„ØªÙˆÙ†Ø³ Ø§Ù„Ø®Ø¶Ø±Ø§Ø¡ ÙˆØ±Ø¨ÙŠ ÙŠØ­ÙØ¸ ØªÙˆÙ†Ø³ Ù…Ù† Ù…Ø­Ø§ÙˆÙ„Ø§Øª Ø§Ù„Ø§Ù†Ù‚Ù„Ø§Ø¨ Ø¹Ù„Ù‰ Ø§Ù„Ø«ÙˆØ±Ø© ÙˆØ¨Ø« Ø§Ù„ÙØªÙ†Ø© ÙˆØ§Ù„Ø§Ø±Ù‡Ø§Ø¨ Ù…Ù† Ø§Ù„Ø§Ø¹Ù„Ø§Ù… ÙˆØºÙ„Ù…Ø§Ù† Ø§Ù„Ø§Ù…Ø§Ø±Ø§Øª Ø§Ù„ØµÙ‡ÙŠÙˆÙ†ÙŠØ© ÙˆØ§Ù„Ù„Ù‡ Ø§ÙƒØ¨Ø± ÙˆØ§Ù†Ø´Ø§Ø¡ Ø§Ù„Ù„Ù‡ Ù†Ù†Ø¬Ø­ ÙÙŠ Ø­ÙŠØ§ØªÙŠ Ø§Ù„Ø³Ù†Ø© Ù‡Ø§Ø°ÙŠğŸ˜ğŸ˜ğŸ˜ğŸ˜ğŸ˜ğŸ˜,positive,2017-12-28T22:59:45+0000,https://www.facebook.com/298166859034_10155961141829035
"Ø§Ù†Ø­Ø¨ samsung  Ù…ÙˆØ´ ØªØ¨Ø¹Ø«ÙˆÙ„ÙŠ 

il vous reste moins de 70 mo de vos options et bonus internet mobile. pour continuer a profiter d'internet, composez *124#.",negative,2017-12-30T17:51:31+0000,https://www.facebook.com/298166859034_10155961141829035
7arb 3alamiya we toufa denya khali nchouf aka eli ylimo fi elflous we yebno fi elkdouret we ya3mlo fi elmachari3 we yejro 3la elkrassi we ykhamamo kan fi rwa7hom chnia ynajmo ya3mlo.,negative,2017-12-31T12:00:01+0000,https://www.facebook.com/298166859034_10155961141829035
"tit7arer filastin, nerba7777777 m3a orange huawe_gr3 , khouya yok3od dima naje7 w akther
tahanaa manich nasietkom bonne annÃ©e orange ğŸ˜ğŸ˜ğŸ˜ğŸ˜˜ğŸ˜˜ğŸ˜˜ğŸ’—ğŸ’—ğŸ’—",negative,2017-12-29T13:58:33+0000,https://www.facebook.com/298166859034_10155961141829035
Ù†ØªÙ…Ù†Ù‰ Ù†Ø±Ø¨Ø­ ØªÙ„ÙÙˆÙ† ÙŠØµÙ„Ø­ Ù…Ù† Ø¹Ù†Ø¯ orange Ùˆ Ù…Ø§ Ø°Ø§Ø¨ÙŠØ§ ÙŠÙƒÙˆÙ† Ù…Ø§ Ø¨ÙŠÙ† j7 pro ÙˆØ§Ù„Ø§ iphone8 ÙˆØ§Ù„Ø§ huawei mate 10.. Ø§Ù…Ù†ÙŠØªÙŠ Ù†ÙƒØ³Ø¨ ØªÙ„ÙÙˆÙ† Ø¨Ø§Ù‡ÙŠ Ø§Ù„Ù„Ø·Ù Ù‡Ù‡Ù‡Ù‡ Ù‡ÙŠØ§ Ø¯Ø² ÙØ§Ø²ØªÙƒ ÙŠØ§ orange ÙŠØ§ ØºØ§Ù„ÙŠØ© ÙŠØ§ Ù…ÙÙ„Ø³ØªÙ†ÙŠ,negative,2017-12-28T19:19:38+0000,https://www.facebook.com/298166859034_10155961141829035
nemchi l'russia m3a orange ğŸ˜‚ğŸ˜‚ğŸ˜‚ğŸ˜‚ ah nsyyt eli dÃ©jÃ  rbe7t'ha lmachya ğŸ˜‚ğŸ˜‚ğŸ˜ğŸ˜,positive,2017-12-28T19:01:40+0000,https://www.facebook.com/298166859034_10155961141829035
"Ø²Ø¹Ù…Ø§ ÙŠØ§ #Ø¨Ø±ØªÚ¨Ø§Ù†Ø© ! Ø§Ù‡ Ù„Ùˆ Ù„Ø¹Ø¨Øª ÙŠØ§ Ø²Ù‡Ø± Ùˆ ØªØ¨Ø¯Ù„Øª Ø§Ù„Ø£Ø­ÙˆØ§Ù„ Ùˆ Ø±ÙƒØ¨Øª Ø£ÙˆÙ„ Ø·ÙŠØ§Ø±Ø© Ù„Ø¨Ù„Ø§Ø¯ Ø§Ù„Ø³ÙˆÙÙŠØ§Øª ...
Ø£ÙŠØ§ Ø¨Ù„Ø§ØµØ© Ø±ÙˆÙˆÙˆØ³ÙŠØ§ â¦ğŸ‡·ğŸ‡ºâ© Ø±ÙˆØ³ÙŠØ§ Ø±ÙˆØ³ÙŠØ§Ø§Ø§Ø§â¦ğŸ‡·ğŸ‡ºâ© 
#Ø¨Ù„Ø§ØµØ©Ø±ÙˆØ³ÙŠØ§ #20h #orange ğŸ‡¹ğŸ‡³",positive,2017-12-28T19:53:13+0000,https://www.facebook.com/298166859034_10155961141829035
Ù†ØªÙ…Ù†Ù‰ Ù†Ø±Ø¨Ø­ ØªÙ„ÙÙˆÙ† ÙŠØµÙ„Ø­ Ù…Ù† Ø¹Ù†Ø¯ orange Ùˆ Ù…Ø§ Ø°Ø§Ø¨ÙŠØ§ ÙŠÙƒÙˆÙ† Ù…Ø§ Ø¨ÙŠÙ† j7 pro ÙˆØ§Ù„Ø§ note 7 ÙˆØ§Ù„Ø§prime 7 j .. Ø§Ù…Ù†ÙŠØªÙŠ Ù†ÙƒØ³Ø¨ ØªÙ„ÙÙˆÙ† Ø¨Ø§Ù‡ÙŠ  Ù‡Ù‡Ù‡Ù‡ Ù‡ÙŠØ§ Ø¯Ø² ÙØ§Ø²ØªÙƒ ÙŠØ§â¤ orangeâ¤ ÙŠØ§ ØºØ§Ù„ÙŠØ© ÙŠØ§ Ù…ÙÙ„Ø³ØªÙ†ÙŠ ğŸ˜˜ğŸ˜˜ğŸ˜˜,positive,2017-12-28T23:25:16+0000,https://www.facebook.com/298166859034_10155961141829035
"slm  , belehy khdhiit aandi 2 j flybox max 25 go  w ki nodkhell lil espace client yektebli date de validitÃ© : 31/12/2017 w ena mekhdhou aandi 2 j ???",negative,2017-12-28T17:32:59+0000,https://www.facebook.com/298166859034_10155960050209035
kifech nbaddel les point mta3i l'internet wailla mayetbadlouch orange,positive,2017-12-28T13:02:17+0000,https://www.facebook.com/298166859034_10155960050209035
"Ù†Ø¬Ù… Ù†Ø¨Ø¹Ø« les point Ù…ØªØ§Ø¹ÙŠ Ù…Ù† ØªÙŠÙ„ÙŠÙƒÙˆÙ… Ù„Ø§ÙˆØ±ÙˆÙ†Ø¬ ÙˆÙ„Ø§ Ù…Ù†Ø¬Ù…Ø´ 
Ø§Ù„Ø±Ø¬Ø§Ø¡ Ø§Ù„Ø¥Ø¬Ø§Ø¨Ø© ÙÙŠ Ø£Ù‚Ø±Ø¨ ÙˆÙ‚Øª",positive,2017-12-30T11:09:29+0000,https://www.facebook.com/298166859034_10155960050209035
"3andi 4690 point , 9edeh lezemni nousel chne5ou telifoun et merciiiii",positive,2017-12-29T21:27:47+0000,https://www.facebook.com/298166859034_10155960050209035
Ø§Ù„Ù‡Ø§ØªÙ Ø¹Ù†Ø¯ÙŠ ÙˆØ§Ù„Ù†Ø§Øª ÙÙŠÙ‡Ø§ Ø¶Ø¹ÙŠÙØ© Ø±ØºÙ… Ø§Ù†Ù‡Ø§ 4g,negative,2017-12-29T02:37:51+0000,https://www.facebook.com/298166859034_10155960050209035
slm belhy nheb rod el point mt3y internet kifech na3mel,positive,2017-12-29T20:45:25+0000,https://www.facebook.com/298166859034_10155960050209035
brabi chnia lfare9 entre flybox prepayÃ© et flybox postpayÃ©???,positive,2017-12-29T13:18:22+0000,https://www.facebook.com/298166859034_10155960050209035
"ÙƒÙŠÙØ§Ø´ Ù†Ø¹Ù…Ù„ Ø¨Ø§Ø´ Ù†Ø¹Ø±Ù Ø§Ù„Ù†Ù‚Ø§Ø· Ù„ÙŠØ¹Ù†Ø¯ÙŠ
ÙˆÙƒÙŠÙØ§Ø´ Ù†Ø­ÙˆÙ„Ù… Ù„ØµÙˆÙ„Ø¯ ØŸØŸ",positive,2017-12-28T10:33:17+0000,https://www.facebook.com/298166859034_10155960050209035
Ø¨Ø§Ù„Ù„Ù‡ Ø¨ÙŠØ³ Ø§ÙˆØ±Ù†Ø¬ ÙÙŠÙ‡Ø§ Ø¨Ø±Ù…Ùˆ!!!!!!,negative,2017-12-29T17:15:08+0000,https://www.facebook.com/298166859034_10155960050209035
kifeh na3mel bech ne3ref 9adeh 3andi points,positive,2017-12-28T10:14:58+0000,https://www.facebook.com/298166859034_10155960050209035
Ø§Ù„Ù‡Ø§ØªÙ Ø¹Ù†Ø¯ÙŠ ÙˆØ§Ù„Ù†Ø§Øª ÙÙŠÙ‡Ø§ Ø¶Ø¹ÙŠÙØ© Ø±ØºÙ… Ø§Ù†Ù‡Ø§ 4g,positive,2017-12-28T22:03:47+0000,https://www.facebook.com/298166859034_10155960050209035
belehi shna3mil rahi itjini haka,positive,2017-12-29T04:01:39+0000,https://www.facebook.com/298166859034_10155960050209035
kifech ouehed oredoo yab3ath internet orange,positive,2017-12-28T14:33:30+0000,https://www.facebook.com/298166859034_10155960050209035
brabi code 8neyet mel7em zein dalle dh7aki y3aychk,positive,2017-12-28T20:49:44+0000,https://www.facebook.com/298166859034_10155960050209035
Ø§Ù„Ù‡Ø§ØªÙ Ø¹Ù†Ø¯ÙŠ ÙˆØ§Ù„Ù†Ø§Øª ÙÙŠÙ‡Ø§ Ø¶Ø¹ÙŠÙØ© Ø±ØºÙ… Ø§Ù†Ù‡Ø§ 4g,negative,2017-12-30T15:05:31+0000,https://www.facebook.com/298166859034_10155960050209035
n7eb nabdlhem bouns antrnet,positive,2017-12-29T20:53:56+0000,https://www.facebook.com/298166859034_10155960050209035
kifh n3rf gedch 3andi point merci,positive,2017-12-29T23:10:56+0000,https://www.facebook.com/298166859034_10155960050209035
chkoun ya3ref kifech transfert flous fi orange,positive,2017-12-28T15:23:56+0000,https://www.facebook.com/298166859034_10155960050209035
",ÙƒÙŠÙØ§Ø´ Ù†Ø¹Ù…Ù„ Ø¨Ø§Ø´ Ù†Ø¹Ø±Ù Ø§Ù„Ù†Ù‚Ø§Ø· Ù„ÙŠØ¹Ù†Ø¯ÙŠ ÙˆÙƒÙŠÙØ§Ø´ Ù†Ø­ÙˆÙ„Ù… Ù„ØµÙˆÙ„Ø¯",positive,2017-12-28T11:59:24+0000,https://www.facebook.com/298166859034_10155960050209035
brain kifeh naaml. transfers d'argent,positive,2017-12-29T17:54:34+0000,https://www.facebook.com/298166859034_10155960050209035
?? fhmt chy kifh bad,positive,2017-12-30T13:39:37+0000,https://www.facebook.com/298166859034_10155960050209035
najem nabaath men tÃ©lecom l orange ?,positive,2017-12-28T20:07:07+0000,https://www.facebook.com/298166859034_10155960050209035
kifech ne3ref gedech 3andi men point,positive,2017-12-30T08:30:09+0000,https://www.facebook.com/298166859034_10155960050209035
kifeh na3mel bech ne3ref 9adeh 3andi points,positive,2017-12-28T11:29:27+0000,https://www.facebook.com/298166859034_10155960050209035
ana ahsan 3am t3adeli f hyeti 2017 khater rabi rzakni b wildi mohamed amine ... <3 <3,positive,2017-12-28T10:26:14+0000,https://www.facebook.com/298166859034_10155958578769035
"slt
7abit nab3eth solde li num e5er ktabet *115*num*solde*0000# ma7abich yet3ada chouf chnouwa ktabli",positive,2017-12-27T20:57:48+0000,https://www.facebook.com/298166859034_10155958578769035
ena  3adit chatrou fi el  7amamet m3a a3az s7abi,positive,2017-12-27T19:52:35+0000,https://www.facebook.com/298166859034_10155958578769035
nestanou wa9teche nerb7ou,positive,2017-12-27T19:19:52+0000,https://www.facebook.com/298166859034_10155958578769035
brabi n7eb n7ot 8oneya fi sem3ni me3rftch kifech,positive,2017-12-27T20:23:45+0000,https://www.facebook.com/298166859034_10155958578769035
3aditoo n7ewel bech nerbe7 m3ekom w manajamtech :(,negative,2017-12-27T21:34:15+0000,https://www.facebook.com/298166859034_10155958578769035
j'ai participer plusieur fois mais dommage mezelt nestana wa9tech bech nerba7,positive,2017-12-27T20:38:59+0000,https://www.facebook.com/298166859034_10155958578769035
bon 2017 mich haja kbira t3ada mais fih jaw m3a shabi w il kol nchalh 2018 yot3ada bÃ¨hi,positive,2017-12-29T20:49:28+0000,https://www.facebook.com/298166859034_10155958578769035
brabi ana nest7a99 internet m 19h l minuit ..b ama offre tens7ouni..,positive,2017-12-27T20:09:26+0000,https://www.facebook.com/298166859034_10155958578769035
dima enkolou hmd ama ma etbadel chay ili  norgdou 3lih enfikou 3lih,positive,2017-12-29T06:39:25+0000,https://www.facebook.com/298166859034_10155958578769035
"Ø§Ù„ÙƒÙ…Ù†ØªØ±Ø§Øª Ø§Ù„ÙŠ Ù†ÙƒØªØ¨ ÙÙŠÙ‡Ù… Ø§Ù„ÙƒÙ„ Ù„Ø¨Ø§Ø¬ orange ÙÙŠ Ø§Ù„Ù…Ø³Ø¨Ù‚Ø§Øª Ùˆ Ù„ØªÙˆ Ù„Ø±Ø¨Ø­Øª Ø­ØªÙ‰ Ø´ÙŠ 
Ø¯ÙŠÙ…Ø§ Ø­Ú¨Ø±ÙŠÙ† Ø§Ù„Ø²ÙˆÙˆÙ„Ø§",negative,2017-12-27T22:58:20+0000,https://www.facebook.com/298166859034_10155958578769035
2 tellifounetti tkasrou fi 2017 nheb nerbah maakom telifoun fi 2018 brabbi aman w nheb nkoulelkom bonne annÃ©e et bonne continuation orange w m'a orange dima rebhiiine,positive,2017-12-27T23:34:10+0000,https://www.facebook.com/298166859034_10155958578769035
"bjr 
je viens de contacter votre misÃ©rable service client deux jours de suite  concerna

 qui est dÃ©bitÃ© d'argent quotidiennement, aucune rÃ©ponse valable na Ã©tÃ© fourni ,l'abonnement digster a Ã©tÃ© dÃ©sactivÃ© lundi a 7h (voir capture ecran)mais l'argent est dÃ©ni jusqu'Ã  aujourd'hui.,je vous demande de rÃ©gler cette affaire et me restituer l'argent dÃ©bitÃ© voir message inbox",negative,2017-12-28T08:56:32+0000,https://www.facebook.com/298166859034_10155958578769035
Ù„Ù‡ÙƒØ§ ÙˆÙ„Ø§ Ù‡ÙƒØ§.  Ø§Ù…Ø§. Ø§Ù„Ø§ÙƒØ«Ø§Ø±ÙŠÙ‡.   Ù…Ø´ Ø¨Ø§Ù‡ÙŠ.  ÙˆÙ†Ø´Ø§Ù„Ù„Ù‡. ÙŠØ§Ø±Ø¨ÙŠ.   Ù…ØªÙˆÙ…Ø§. ÙˆØ§Ø­Ù†Ø§. Ø¨Ø®ÙŠØ±.   ÙÙŠ Ù‡Ù„ Ø¹Ø§Ù… Ø§Ù„Ø¬Ø¯ÙŠØ¯.   ÙˆÙ†Ø´Ø§Ù„Ù„Ù‡ Ù…Ù† Ø­Ø³Ù† Ø§Ù„Ù‰ Ø§Ø­Ø³Ù†.  Ø¹Ù„Ù‰ Ø§Ù„Ù†Ø§Ø³ Ø§Ù„ÙƒÙ„. â¤âœŒ.,positive,2017-12-29T23:47:45+0000,https://www.facebook.com/298166859034_10155958578769035
svp kifeh na3mel desactivee lservice sos credit et merci d'avance :),positive,2017-12-28T13:51:59+0000,https://www.facebook.com/298166859034_10155958578769035
ğŸ–•ğŸ»,negative,2017-12-27T19:01:40+0000,https://www.facebook.com/298166859034_10155958578769035
ğŸ˜¡ğŸ˜¡ğŸ˜ ğŸ˜ ğŸ˜ ğŸ˜¤ğŸ˜¤ğŸ˜¤ğŸ˜¤,negative,2017-12-27T19:00:38+0000,https://www.facebook.com/298166859034_10155958578769035
Ù…ØªØ­ÙŠÙ„ÙŠÙ†.Ø¹Ù…Ù„Øª clÃ© Ø¹Ù† Ø·Ø±ÙŠÙ‚ Ø§Ù„ÙˆØ¯Ø§Ø¯ÙŠØ© ÙÙŠ espace Ø§Ù„Ù‚ØµØ±ÙŠÙ† Ù‚Ø§Ù„ÙˆÙ„ÙŠ illimitÃ© Ø¨Ø¹Ø¯ Ø¬Ù…Ø¹Ø© Ø¬Ø§Ù†ÙŠmessage ÙŠÙ„Ø²Ù…Ù†ÙŠ Ù†Ø´Ø±Ø¬ÙŠ Ù…Ø±Ø© Ø§Ø®Ø±Ù‰,negative,2017-12-30T18:45:04+0000,https://www.facebook.com/298166859034_10155957551799035
Ù…Ø§Ù‡Ùˆ Ù‡Ø¨Ø·Ùˆ Ø§Ù„Ø´Ø±ÙˆØ· Ù…ØªØ¹ÙƒÙ… Ø¹Ø§Ø¯ Ù…ÙˆØ´ ØªØ§Ù‚Ù ØºØ§Ø¯ÙŠ...Ù‚ÙˆÙ„ Ø±Ø§Ù‡Ùˆ Ù„Ø§Ø²Ù…Ùƒ ØªØ¹Ù…Ù„ Ù…Ø¹Ø§Ù†Ø§ Ø¹Ù‚Ø¯ Ø¨Ø¹Ø§Ù…ÙŠÙ† ÙˆÙƒÙ„ Ø´Ù‡Ø± Ù„Ø§Ø²Ù…Ùƒ ØªØ´Ø±Ø¬Ø¨ÙŠ,negative,2017-12-27T11:01:20+0000,https://www.facebook.com/298166859034_10155957551799035
bnj belahi n7eb nes2el 3la adsl home 20 mg 9adeh nadfa3 melouwel wa ela nabda n5ales kol chhar wa chahro ?????,positive,2017-12-28T11:25:03+0000,https://www.facebook.com/298166859034_10155957551799035
ma tichriwich  flybox. adsl home 5ir a ar5is ama lazmou installation,negative,2017-12-27T11:13:38+0000,https://www.facebook.com/298166859034_10155957551799035
Ù…Ù„Ù‘ÙŠ Ù†Ø­Ù‘ÙŠØªÙˆ illimitÃ© Ù…ØªØ§Ø¹ Ø§Ù„Ù„ÙŠÙ„ Ø§Ù„ÙƒÙˆØªÙ‡ Ù…ØªØ§Ø¹ÙƒÙ… Ø·Ø§Ø­Øª aucun interret,negative,2017-12-27T16:53:09+0000,https://www.facebook.com/298166859034_10155957551799035
a3malit adsl orange w 3andi chhar wnos wmajawich rakbouh,negative,2017-12-27T21:32:32+0000,https://www.facebook.com/298166859034_10155957551799035
,,,
linternet 3ndkoum rzina w t9ous fis3,negative,2017-12-27T12:00:35+0000,https://www.facebook.com/298166859034_10155957551799035
,,,
brabi ena ooredoo w nheb nwali orange 3awnoni,positive,2017-12-28T22:27:34+0000,https://www.facebook.com/298166859034_10155957551799035
chrit pus orange 4g w 3andha 3 jour w ltw mt7ltli,negative,2017-12-27T11:07:38+0000,https://www.facebook.com/298166859034_10155957551799035
internet rzina barcha,negative,2017-12-30T00:31:59+0000,https://www.facebook.com/298166859034_10155957551799035
ye5i 3leh ki n7ot videowet toufa fisa3 l'internet ??,negative,2017-12-27T11:39:52+0000,https://www.facebook.com/298166859034_10155957551799035
Ø¹Ù„Ø§Ø´ Ù…Ø§ØªØ§Ø®Ø°ÙˆØ´ Ù…Ø§Ù„Ø¨ÙˆÙ†ÙŠØ³ Ø§Ù„Ø§Ù†ØªØ±Ù†Ø§Øª ØªÙ‡Ø±ÙŠØª ÙˆØ§Ù†Ø§ Ù†ØµØ¨ .ÙˆØ²ÙŠØ¯ Ù…Ø§ØªØ´Ø¯Ø´ ÙƒØ§Ù† Ø­Ù„ÙŠØª Ø§Ù„ÙÙŠØ¯ÙŠÙˆ .ÙŠØ°ÙˆØ¨ ÙÙŠØ³Ø¹ .,negative,2017-12-27T14:56:14+0000,https://www.facebook.com/298166859034_10155956124249035
Ø§Ù†Ø§ Ø¹Ù†Ø¯ÙŠ Ø­Ø§Ø¬Ù‡ Ø§Ù…Ù‚Ù„Ù‚ØªÙ†ÙŠ Ø§Ù„Ø§Ù†ØªÙ†Ø§Øª ÙÙŠØ³Ø¹ ØªÙˆÙÙ‡ ÙƒØ§Ù† Ø§ØªÙ†Ø¬Ù… Ø§ØªØ¬Ø§ÙˆØ¨ÙˆÙ†ÙŠ,negative,2017-12-27T19:34:34+0000,https://www.facebook.com/298166859034_10155956124249035
Ø£Ù†Ø§ Ø´Ø§Ø±ÙƒØª ÙÙŠ Ø§Ù„Ù…Ø³Ø§Ø¨Ù‚Ø§Øª Ù…ØªØ§Ø¹ÙƒÙ… Ùˆ Ø¯ÙŠÙ…Ø§ Ù…Ø§Ù†Ø±Ø¨Ø­Ø³,negative,2017-12-30T11:50:01+0000,https://www.facebook.com/298166859034_10155956124249035
"Ù†Ø­Ø¨Ùˆ Ø´ÙˆÙŠ Ù…ØµØ§Ø¯ÙŠÙ‚Ø© ÙˆØ«Ù‚Ø© Ù…Ù†ÙƒÙ… 
ÙˆØ§Ù„Ù„Ù‡ Ø´ÙŠ ÙŠØ­Ø¨Ø³ Ø§Ù„Ù…Ø® 
10 g ÙÙŠ 10 Ø§ÙŠØ§Ù…  Ùˆ    ØºØ±ÙŠØ¨Ø© ÙÙŠÙƒÙ…",negative,2017-12-26T20:26:52+0000,https://www.facebook.com/298166859034_10155956124249035
Ø¨Ø±Ø¨ÙŠ Ø§Ù†Ø§ Ø§Ù…ÙŠ ÙÙŠ Ø§Ù„Ø¹Ù…Ø±Ø© ÙˆØ¹Ù…ØªÙ„Ù‡Ø§ ØªØ¬ÙˆØ§Ù„ ÙˆÙƒÙŠÙ Ø·Ù„Ø¨ØªÙ‡Ø§ Ù…Ø§ØªØ¹Ø§Ø¯Ø´ ÙŠØ®ÙŠ Ù„Ø§Ø²Ù… ÙŠÙƒÙˆÙ† Ù‡ÙŠ Ø²Ø§Ø¯Ù‡ Ø¹Ù†Ø¯Ù‡Ø§ ÙÙ„ÙˆØ³ ÙÙŠ ØªÙ„ÙŠÙÙˆÙ†Ù‡Ø§,negative,2017-12-26T20:06:15+0000,https://www.facebook.com/298166859034_10155956124249035
sorfag,negative,2017-12-26T19:17:31+0000,https://www.facebook.com/298166859034_10155956124249035
grow up,negative,2017-12-26T19:03:16+0000,https://www.facebook.com/298166859034_10155956124249035
Ø§ÙˆØ±Ù†Ø¬ Ù†Ø­Ø¨ Ù…Ø·ÙˆØ± Ù…ØªØ¹ Ù…Ø¹Ø§Ù‚ Ø´ÙƒØ±,positive,2017-12-26T19:44:58+0000,https://www.facebook.com/298166859034_10155956124249035
Ùˆ Ø§Ù„Ù‚Ø§Ø²ÙˆØ²Ø© Ø´Ø¹Ù…Ù„Ù†Ø§ ÙØ§Ù‡Ø§ ØªÙˆ ØŸØŸØŸØŸØŸØŸØŸØŸâ™¥â™¡â™¥â™¥â™¥â™¥,positive,2017-12-26T19:16:17+0000,https://www.facebook.com/298166859034_10155956124249035
hhhh ğŸ˜ğŸ˜ğŸ˜,positive,2017-12-26T19:31:03+0000,https://www.facebook.com/298166859034_10155956124249035
"emoji ""middle finger"" !",negative,2017-12-26T22:57:16+0000,https://www.facebook.com/298166859034_10155956124249035
j'aime beaucoup orange n7ebha wn7eb narbe7 smart phone,positive,2017-12-28T11:33:58+0000,https://www.facebook.com/298166859034_10155955511864035
composit *122# besh naady service point merci mahbesh ytaada !? dymaa naawed o hkya fergha ytaadesh ?,negative,2017-12-26T12:42:08+0000,https://www.facebook.com/298166859034_10155955029634035
ÙƒÙŠÙØ§Ø´ Ù†Ø¹Ù…Ù„ Ø¨Ø§Ø´ Ù†ØªØ­ØµÙ„ Ø¹Ù„Ù‰ 5 Ø¯ÙŠÙ†Ø§Ø± Ù…ÙƒØ§Ù„Ù…Ø§Øª...ÙƒÙ…Ù„Øª 5 Ø¯ÙŠÙ†Ø§Ø±Ø§Øª Ø£Ù†ØªØ±Ù†Øª ÙˆÙ…Ø§Ù„Ù‚ÙŠØª Ø´ÙŠ ØŸ,negative,2017-12-29T16:18:27+0000,https://www.facebook.com/298166859034_10155955029634035
Ù‡Ø°Ø§ Ø§Ù„Ø¹Ø±Ø¶ Ø§ÙƒØ¨Ø± ÙƒØ°Ø¨Ø© ÙˆÙ†Ù‡Ø¨ Ù„Ù„ÙÙ„ÙˆØ³ Ù†Ø³Ø¨ 5 Ù†Ù‚ÙˆÙ… Ø§Ù„ØµØ¨Ø§Ø­ Ù…Ù†Ù„Ù‚Ù‡Ø§Ø´,negative,2017-12-27T12:12:01+0000,https://www.facebook.com/298166859034_10155955029634035
"Ø§Ù‡Ù„Ø§
ÙˆØµÙ„Øª Ù„ 1225 Ù…ÙŠØºØ§ 
ÙÙ…Ø§Ø´ Ø¨ÙˆÙ†ÙŠØ³ ØŸ",negative,2017-12-29T13:48:50+0000,https://www.facebook.com/298166859034_10155955029634035
mahlah.3ard,positive,2017-12-27T19:51:12+0000,https://www.facebook.com/298166859034_10155955029634035
ÙŠØ§ ÙˆÙ„Ø§Ø¯ÙŠ Ø±Ø¨Ø­ÙˆÙ†Ø§ Ù…Ø¹Ø§ÙƒÙƒ Ù…Ø§ ØªØ´ÙˆÙ ÙƒØ§Ù† Ù…Ø¨Ø±ÙˆÙƒ ÙˆÙ„Ø¯ÙŠ Ø¨Ø§Ø´ ÙŠÙ‡Ø¨Ù„Ù†ÙŠ Ø¹Ù„Ù‰ Ø¨ÙˆØ±Ø·Ø§Ø¨Ù„ ÙˆÙ‡Ùˆ ÙŠØ§ Ù…Ø§Ù…Ø§ Ø´Ø§Ø±Ùƒ,positive,2017-12-25T19:06:57+0000,https://www.facebook.com/298166859034_10155953561224035
Ø¥Ù† Ø´Ø§Ø¡ Ø§Ù„Ù„Ù‡ Ù…Ø¨Ø±ÙˆÙƒ Ùˆ Ù„Ø¹Ø§Ù‚Ø¨Ø§ Ù„ÙŠØ§Ø§Ø§Ø§Ø§ ÙˆØ§Ù„Ù„Ù‡ ØªÙ„ÙŠÙÙˆÙ†ÙŠ ÙŠØ³Ø®Ù ÙƒØ±Ù‡ØªÙˆ Ùˆ Ù†Ø­Ø¨ Ù†Ø¨Ø¯Ù„Ùˆ Ù„ÙƒÙ„ Ø§Ù„Ø¸Ø±ÙˆÙØªØ­Øª 0..Ø§Ù„Ø­Ù…Ø¯ Ù„Ù„Ù‡,positive,2017-12-26T08:07:06+0000,https://www.facebook.com/298166859034_10155953561224035
sahha lih ena cherekt ou habbit nerbah ama dima mataamlouch el kora bel gdee,negative,2017-12-25T21:46:39+0000,https://www.facebook.com/298166859034_10155953561224035
za77 billehyy dima ntabba3 fikomm 3al page wnchdrikk fi koll pub wmarbi7tt chyğŸ˜¥ğŸ˜¥,negative,2017-12-25T19:11:44+0000,https://www.facebook.com/298166859034_10155953561224035
ya orange wini tlfnt le3bad eli reb7et tihakom ga3din te7ko wetrab7o bel faregh dewla ser9a wentouma minhom ou nn jawbo ebsara7a,negative,2017-12-25T21:55:17+0000,https://www.facebook.com/298166859034_10155953561224035
Ø§Ù†Ø§ Ø§Ù„ ØªÙˆ Ù†Ø´ÙˆÙ ÙƒØ§Ù† ÙÙŠ ÙƒÙ„Ù…Ø© Ù…Ø¨Ø±ÙˆÙƒ Ø§Ù†Ø´Ø§Ø¡ Ø§Ù„Ù„Ù‡ ØªØµØ¯ÙÙ„ÙŠ Ù…Ø¹ oronge,positive,2017-12-25T21:03:12+0000,https://www.facebook.com/298166859034_10155953561224035
"orange yo
please rabhouni",positive,2017-12-25T19:48:54+0000,https://www.facebook.com/298166859034_10155953561224035
Ø¹Ø³Ù„Ø§Ù…Ù‡  orange Ø¯ÙŠÙ…Ø§ Ù†Ø´Ø§Ø±Ùƒ Ùˆ Ø´ÙŠ Ù†ØªÙ…Ù†Ù‰ Ù†Ø±Ø¨Ø­ Ùˆ Ø±Ø¨ÙŠ ÙŠØ³Ù‡Ù„ Ù‡Ø§Ù†ÙŠ Ù†Ø³ØªÙ†Ù‰ Ø®ÙŠØ± Ù…Ø§ Ù†ØªÙ…Ù†Ù‰,positive,2017-12-27T19:28:16+0000,https://www.facebook.com/298166859034_10155953561224035
Ø£Ù†ÙŠ ÙÙŠØ¯Ø§Ù„ Ù„Ø£ÙˆØ±Ø§Ù†Ø¬ Ù…Ù†Ø­Ø¨ ÙƒØ§Ù† Ø£ÙˆØ±Ø§Ù†Ø¬ Ùˆ Ù…Ù†Ø³ØªØ¹Ù„ ÙƒØ§Ù† Ø£ÙˆØ±Ø§Ù†Ø¬ â€:-*â€â€ ÙˆÙ†Ø´Ø£Ø§Ù„Ù„Ù‡ Ù†Ø±Ø¨Ø­â€:-)â€,positive,2017-12-26T06:50:53+0000,https://www.facebook.com/298166859034_10155953561224035
Ù†Ø­Ø¨ Ù†Ø±Ø¨Ø­ Ø§Ù†Ø§ ØŒ Ù„Ù„Ø¯Ø±Ø¬Ø© Ù‡Ø°ÙŠ Ù…Ø§ Ø¹Ù†Ø¯ÙŠØ´ Ø²Ù‡Ø± ØŸ,negative,2017-12-25T20:20:00+0000,https://www.facebook.com/298166859034_10155953561224035
"orange dimma warakkk,ezzamen tawill,sim sim sim sam",negative,2017-12-25T23:25:55+0000,https://www.facebook.com/298166859034_10155953561224035
"Ø±Ø¨Ø­ÙˆÙ†Ø§ Ù…Ø¹Ø§ÙƒÙ… ÙŠÙ‡Ø¯ÙŠÙƒÙ… Ø±Ø¨ÙŠ 
Ù‡Ø§Ù†ÙŠ Ø¯ÙŠÙ…Ø§ Ù†ØªØ¨Ø¹ ÙÙŠÙƒÙ… ÙˆØ¯ÙŠÙ…Ø§ Ù…Ø«Ù…Ø´ ÙƒØ§Ø¯ÙˆØ§Øª",negat,2017-12-27T16:08:52+0000,https://www.facebook.com/298166859034_10155953561224035
Ø¯ÙŠÙ…Ø§ Ù†Ø´Ø§Ø±Ùƒ Ù…Ø¹Ø§ÙƒÙ… Ùˆ Ø¯ÙŠÙ…Ø§ Ù…ØªØ§Ø¨Ø¹ØªÙƒÙ… Ø¹Ù„Ù‰ Ø§Ù„Ø¨Ø§Ø¬ Ùˆ Ø­ØªÙ‰ Ù…Ø±Ø© Ù…Ø±Ø¨Ø­Ø©,negative,2017-12-26T09:11:48+0000,https://www.facebook.com/298166859034_10155953561224035
Ù…Ø¨Ø±ÙˆÙƒ Ø¹Ù„ÙŠÙ‡ ÙˆØ§Ù†Ø´Ø§Ø¡ Ø§Ù„Ù„Ù‡ Ù†Ø±Ø¨Ø­Ùˆ ÙƒÙŠÙÙˆ,positive,2017-12-25T19:10:01+0000,https://www.facebook.com/298166859034_10155953561224035
Ø§Ø­Ù„Ù‰ Ø§ÙˆØ±Ù†Ø¬,positive,2017-12-25T20:26:42+0000,https://www.facebook.com/298166859034_10155953561224035
Ùˆ Ø§Ù†Ø§ ÙÙŠÙ† ÙˆÙ‚Øª Ø§Ù„Ù„ÙŠ ØªÙØ±Ù‚Ùˆ ÙÙŠ Ø§Ù„ÙƒØ§Ø¯ÙˆØ§ØªğŸ˜ŠğŸ˜ŠğŸ˜Š,positive,2017-12-25T19:14:07+0000,https://www.facebook.com/298166859034_10155953561224035
intouma ya lorange 9a3din tisir9ou kan.fi flous nes,negative,2017-12-26T12:58:01+0000,https://www.facebook.com/298166859034_10155953561224035
yaaaaa orange bjeeh rabii kifech naamel bech nerbah w matkouloulich suivez nous  sur notre page kouloulii kifeeeeeeh,negative,2017-12-25T23:33:45+0000,https://www.facebook.com/298166859034_10155952962294035
Ø§Ù†Ø§ Ø¹Ù„ÙŠ Ù…Ù† Ø§Ù„Ø¬Ù†ÙˆØ¨ Ø¨Ù„Ø§Ù‡ Ø§Ù„ÙŠ ÙŠÙ‡Ø¨Ø· Ø¹Ù†Ø¯ ÙƒÙ„ Ø§Ù„ÙˆÙ„Ø§ÙŠØ§Øª Ø¹Ù„Ø§Ø´ Ù…Ø§ ÙŠÙ‡Ø¨Ø·Ø´ Ø¹Ù†Ø§,negative,2017-12-27T18:03:38+0000,https://www.facebook.com/298166859034_10155952962294035
wallah nheb narbah telifoun dima ncherek ama matakhtafech wallzh telifouni la 3ale9a wmaandich bech nekhou wehed content nheb nekhedh wehed belfacilite si oui ou non,negative,2017-12-25T18:11:30+0000,https://www.facebook.com/298166859034_10155952962294035
Ù†Ø³ÙŠØªÙˆÙ‡Ø§ Ø§Ù„Ù…Ø³Ø§Ø¨Ù‚Ø© Ø§Ù„ÙŠ Ù‚Ù„ØªÙˆØ§ ÙØ§Ù‡Ø§ Ø§ÙƒØ«Ø± ÙˆØ§Ø­Ø¯ ÙŠØ­Ø· ÙƒÙ…Ù†ØªØ±Ø§Øª ÙŠØ±Ø¨Ø­ ØªÙ„ÙŠÙÙˆÙ† ØŸØŸ!!!! Ù‚Ø¯Ø§Ø´ ØªÙƒØ°Ø¨ÙˆØ§ ğŸ˜¤ğŸ˜ ğŸ˜¡,negative,2017-12-25T18:15:55+0000,https://www.facebook.com/298166859034_10155952962294035
Ø£Ù†Ø§ Ø¹Ù†Ø¯ÙŠ flybox max 25 gb  Ø­Ø¨ÙŠØª Ù†Ø¨Ø¯Ù„Ùˆ 55 Ù…Ø´ÙŠØª Ù„Ù„Ø¨ÙˆØªÙŠÙƒ Ù‚Ø§Ù„ÙˆÙ„ÙŠ Ù…ØªÙ†Ø¬Ù…Ø´ØŸØŸ,positive,2017-12-25T15:56:25+0000,https://www.facebook.com/298166859034_10155952962294035
hhhh.  belahi 3lach n3amer dinar nal9a 9d.  machou 11d,negative,2017-12-25T19:01:20+0000,https://www.facebook.com/298166859034_10155952962294035
ou ki el 3ada  bech tkdbou  3lina  b 199 mba3ed  400dt,negative,2017-12-25T15:49:16+0000,https://www.facebook.com/298166859034_10155952962294035
,negative,,
orange Ù…Ø¯Ù„Ù„ØªÙ†Ø§,positive,2017-12-25T20:30:10+0000,https://www.facebook.com/298166859034_10155952962294035
ØªØ­ÙŠØ§ Ø£ÙˆØ±Ù†Ø¬,positive,2017-12-25T23:04:42+0000,https://www.facebook.com/298166859034_10155952962294035
slm orange balhi kafeh na3mel bech naseb 1000 men noumroya la namri o5er,positive,2017-12-25T14:08:53+0000,https://www.facebook.com/298166859034_10155950602489035
Ø§ÙŠ,positive,2017-12-24T19:07:23+0000,https://www.facebook.com/298166859034_10155950602489035
ayğŸ’•,positive,2017-12-24T20:17:12+0000,https://www.facebook.com/298166859034_10155950602489035
11  is amazing :p,positive,2017-12-24T20:28:32+0000,https://www.facebook.com/298166859034_10155950602489035
mala hana ncharkou mafam 7ata chay wele trab7ou fihom kan jma3t chameil w7ata janoub rahom tab3ini tounisi manich tab3ini libya ok,negative,2017-12-26T07:39:37+0000,https://www.facebook.com/298166859034_10155949640834035
bellehi 3andi connexion temshi w t9os w yektebli dns mosh correct w changement de reseau  shniya el 7al,negative,2017-12-24T23:01:08+0000,https://www.facebook.com/298166859034_10155949640834035
oui bravo,positive,2017-12-24T12:53:20+0000,https://www.facebook.com/298166859034_10155949640834035
dima ncharek marbe7t chay,negative,2017-12-25T13:10:47+0000,https://www.facebook.com/298166859034_10155949640834035
,negative,,
ğŸ˜‘ğŸ˜‘,negative,2017-12-24T10:37:47+0000,https://www.facebook.com/298166859034_10155949416509035
merci.,positive,2017-12-24T10:44:25+0000,https://www.facebook.com/298166859034_10155949416509035
Ù…Ø±Ø³ÙŠ,positive,2017-12-28T04:59:28+0000,https://www.facebook.com/298166859034_10155949416509035
merci merci merci merci merci merci merci merci merci merci merci merci merci merci merci merci merci merci merci merci merci merci merci merci merci merci merci merci merci merci merci merci merci merci merci merci merci merci merci merci merci merci merci merci merci merci merci merci merci merci merci merci merci merci merci merci merci merci merci merci merci merci merci merci merci merci merci merci merci merci merci merci merci merci merci merci merci merci merci merci merci merci merci merci merci merci merci merci merci merci merci merci merci merci merci merci merci merci merci merci merci merci merci merci merci merci merci merci merci merci merci merci merci merci merci merci merci merci merci merci merci merci merci merci merci merci merci merci merci merci merci merci merci merci merci merci merci merci merci merci merci merci merci merci merci merci merci merci merci merci merci merci merci merci merci merci merci merci merci merci merci merci merci merci merci merci merci merci merci merci merci merci merci merci merci merci merci merci merci merci,positive,2017-12-27T13:59:59+0000,https://www.facebook.com/298166859034_10155949416509035
@orangetn moi je l'attends pas,negative,2018-01-03 15:17:43,https://t.co/qGxJAL94ze
"@orangetn bonjour j ai plus que 1d  de solde et je ne peux pas faire d appel 
mon solde est valide . et ce n'est paâ€¦ https://t.co/qgxjal94ze",negative,2018-01-03 07:41:04,https://t.co/R03RVUtuCy
"@orangetn that one which is capable of running a game at 120 fps in 4k , you get it right , pc ğŸ‘ŒğŸ˜—",positive,2017-12-31 15:28:02,https://t.co/R03RVUtuCy
@ou_wwer @yassozawchi @orangetn Ø§Ù„ÙƒÙ„Ù‡Ø§ ØªØ³Ø±Ù‚ Ø®Ø§ØµØ© ÙÙŠ Ø§Ù„ÙƒÙˆÙ†ÙƒØ³ÙŠÙˆÙ† ... Ù„Ø§ Ø§Ù…Ù„ ÙØ§Ù‡Ù…,negative,2017-12-31 15:14:35,https://t.co/RfpNSP1jmA
@orangetn ğŸ’ªğŸ˜âœŒ1,positive,2017-12-31 12:47:07,https://t.co/R03RVUtuCy
@orangetn merci @orangetn,positive,2017-12-31 12:15:22,https://t.co/R03RVUtuCy
@ou_wwer @orangetn Ø¨ØµØ±Ø§Ø­Ø©.. Ø®Ø¯Ù…Ø§Øª Ø§ÙˆØ±Ù†Ø¬ Ø®Ø¯Ù…Ø§Øª Ù…Ù…ØªØ§Ø²Ø©,positive,2017-12-31 04:18:53,https://t.co/R03RVUtuCy
"dÃ©ploiement #4g ğŸ“¶ğŸ“² dÃ©but 2018 : 
 @_tunisietelecom  â¤ï¸ allume plus que @ooredootn et @orangetn  
bravo Ã  toute l'Ã©quipe tt âœŒï¸ğŸ–ï¸",negative,2018-01-03 07:44:09,https://t.co/qGxJAL94ze
@orangetn ğŸ˜¢ğŸ˜¢ğŸ˜¢,negative,2018-01-02 22:58:29,https://t.co/qGxJAL94ze
@orangetn @ou_wwer Ø§Ù†ØªØ±Ù†Ø§Øª Ù‡Ø§Ù†Ø§ Ù†Ø³ØªÙ†Ø§Ùˆ,positive,2017-12-31 20:21:22,https://t.co/R03RVUtuCy
@ou_wwer @orangetn Ø§ÙØ±Ø­ Ø¨ÙŠÙ†Ø§ Ø¨ 3000 Ù†Ù‚Ø·Ø© Ùˆ Ù…Ø²ÙŠØ¯ Ù…Ù† Ø§Ù„ØªØ£Ù„Ù‚,positive,2017-12-31 20:00:52,https://t.co/RfpNSP1jmA
"@orangetn that one which is capable of running a game at 120 fps in 4k , you get it right , pc ğŸ‘ŒğŸ˜—",positive,2017-12-31 15:28:02,https://t.co/R03RVUtuCy
@ou_wwer @yassozawchi @orangetn Ø§Ù„ÙƒÙ„Ù‡Ø§ ØªØ³Ø±Ù‚ Ø®Ø§ØµØ© ÙÙŠ Ø§Ù„ÙƒÙˆÙ†ÙƒØ³ÙŠÙˆÙ† ... Ù„Ø§ Ø§Ù…Ù„ ÙØ§Ù‡Ù…,negative,2017-12-31 15:14:35,https://t.co/RfpNSP1jmA
@orangetn Ø§ÙˆØ±ÙˆÙ†Ø¬ Ù…Ù‡Ù†Ø§Ø´ Ù‡Ø¯ÙŠØ© ÙÙŠ Ø±Ø§Ø³ Ø§Ù„Ø¹Ø§Ù… :/ :),negative,2017-12-31 07:08:37,https://t.co/R03RVUtuCy
@orangetn ÙƒØ§Ù† ØªÙ†Ù‚ØµÙˆ Ù…Ø§Ù„Ø³Ø±Ù‚Ù‡ Ø®ÙŠØ±,negative,2017-12-31 07:04:24,https://t.co/R03RVUtuCy
bjr @orangetn c'est normal chez vous d'envoyer des sms promotionnels Ã  1h20 du matin #foutage_de_gueule,negative,2017-12-31 06:51:24,https://t.co/RfpNSP1jmA
"@orangetn Ø­Ù…Ø¯ Ø§Ù„Ù„Ù‡ Ù…ÙˆØ´ Ø®Ø§ÙŠØ¨ ÙÙŠÙ‡ Ø­Ø¬Ø§Øª ØªÙØ±Ø­ Ø§Ù…Ø§ Ù†Ø³ØªÙ†Ø§Ùˆ Ù…Ø§ Ø®ÙŠØ± Ø§Ù† Ø´Ø§Ø¡ Ø§Ù„Ù„Ù‡ ÙÙŠ 2018 Ùˆ Ø®Ø¯Ù…Ø§Øª Ø§Ø­Ø³Ù† Ù…Ù† Ø¹Ù†Ø¯ÙƒÙ… ğŸ˜‰ 
ÙƒÙ„ Ø¹Ø§Ù… Ø­ÙŠÙŠÙ† Ø¨Ø§Ù„Ù Ø®ÙŠØ± ğŸŒ¹ğŸŒ¹",positive,2017-12-31 06:50:41,https://t.co/YU5EvZn5hf
@orangetn 1 â™¥ï¸,positive,2017-12-31 07:36:36,https://t.co/qGxJAL94ze
@ou_wwer @orangetn ğŸ’š,positive,2017-12-31 06:21:24,https://t.co/ck8Xfx2zXj
@ou_wwer @orangetn Ø¨ØµØ±Ø§Ø­Ø©.. Ø®Ø¯Ù…Ø§Øª Ø§ÙˆØ±Ù†Ø¬ Ø®Ø¯Ù…Ø§Øª Ù…Ù…ØªØ§Ø²Ø©,positive,2017-12-31 04:18:53,https://t.co/R03RVUtuCy
"@ou_wwer @orangetn ok
mr6 b1
ÙˆØ§Ù† Ø´Ø§Ø¡ Ø§Ù„Ù„Ù‡ Ø¹Ø§Ù… Ù…Ø¨Ø§Ø±Ùƒ Ø¹Ù„ÙŠÙƒ Ùˆ Ø¹Ù„ÙŠ Ø¬Ù…ÙŠØ¹ Ø§Ù„ØªÙˆØ§Ù†Ø³Ù‡",positive,2017-12-31 02:18:24,https://t.co/R03RVUtuCy
@afefgharbitv @ou_wwer @orangetn ÙŠØ®Ù„ÙŠÙ„ÙŠ Ø²ÙŠÙ†Ùƒ ÙŠØ§Ø¹Ù…Ø±ÙŠ,positive,2017-12-31 01:01:39,https://t.co/R03RVUtuCy
@rabouha13 @ou_wwer Ù‡Ø§Ù†ÙŠ Ø¹Ù…Ù„Øª Ø¹Ø²ÙŠØ²ØªÙŠ .. ØªØ³ØªØ§Ù‡Ù„ @orangetn  Ø¯ÙŠÙ…Ø§ Ù…Ø³Ù‡Ù„Ù‡ Ø¹Ù„ÙŠÙ†Ø§ Ø§Ù„Ø¯Ù†ÙŠØ§ â¤ï¸,positive,2017-12-31 00:57:36,https://t.co/R03RVUtuCy
"@orangetn Ù„Ø£Ø­Ù„Ù‰ Ù…Ø´ØºÙ„ Ø§Ù†ØªØ±Ù†Øª ÙÙŠ #ØªÙˆÙ†Ø³..
 Ø£ÙØ±Ø­ Ø¨ÙŠÙ†Ø§ Ø±Ø£Ø³ Ø§Ù„Ø¹Ø§Ù…ğŸ‰ğŸ‡ØŒ  Ù†ÙØ±Ø­Ùˆ Ø¨ÙŠÙƒ ÙƒØ§Ù…Ù„ Ø§Ù„Ø¹Ø§Ù…..ğŸˆğŸˆ
ÙˆÙƒÙ„ Ø¹Ø§Ù… ÙˆØ§Ù†Øª Ø¨Ø®ÙŠØ± ÙˆÙƒÙ„ Ø¹Ø§Ù… Ø¯Ù„Ù„Ùˆ ÙÙŠÙ†Ø§",positive,2017-12-31 00:27:41,https://t.co/R03RVUtuCy
"ÙƒÙ…Ø´ØªØ±ÙƒØ© ÙˆÙÙŠØ© Ù„Ø§Ø­Ø³Ù† Ù…Ø´ØºÙ„ ÙÙŠ ØªÙˆÙ†Ø³ @orangetn Ù†Ø­Ø¨Ùˆ Ù†Ø¯Ù„Ù„ÙˆØ§ Ø¹Ù„ÙŠÙƒÙ… ÙˆØªÙˆØ¯ÙˆÙ†Ø§ Ø¨1000 Ù†Ù‚Ø·Ø© ÙƒÙ‡Ø¯ÙŠØ© Ø±Ø§Ø³ Ø§Ù„Ø³Ù†Ø©. ğŸ˜˜ğŸ˜˜
#ØªÙˆÙ†Ø³ 
Ø±ÙˆØªÙˆÙŠØª ÙŠØ§â€¦ https://t.co/7p1mlpulxx",positive,2017-12-31 00:15:24,https://t.co/R03RVUtuCy
"@ou_wwer @orangetn ok
mr6 b1
ÙˆØ§Ù† Ø´Ø§Ø¡ Ø§Ù„Ù„Ù‡ Ø¹Ø§Ù… Ù…Ø¨Ø§Ø±Ùƒ Ø¹Ù„ÙŠÙƒ Ùˆ Ø¹Ù„ÙŠ Ø¬Ù…ÙŠØ¹ Ø§Ù„ØªÙˆØ§Ù†Ø³Ù‡",positive,2017-12-31 02:18:24,https://t.co/R03RVUtuCy